-- phpMyAdmin SQL Dump
-- version 3.5.1
-- http://www.phpmyadmin.net
--
-- Хост: 127.0.0.1
-- Время создания: Ноя 18 2014 г., 20:25
-- Версия сервера: 5.5.25
-- Версия PHP: 5.3.13

SET SQL_MODE="NO_AUTO_VALUE_ON_ZERO";
SET time_zone = "+00:00";


/*!40101 SET @OLD_CHARACTER_SET_CLIENT=@@CHARACTER_SET_CLIENT */;
/*!40101 SET @OLD_CHARACTER_SET_RESULTS=@@CHARACTER_SET_RESULTS */;
/*!40101 SET @OLD_COLLATION_CONNECTION=@@COLLATION_CONNECTION */;
/*!40101 SET NAMES utf8 */;

--
-- База данных: `albion`
--

-- --------------------------------------------------------

--
-- Структура таблицы `accounts`
--

CREATE TABLE IF NOT EXISTS `accounts` (
  `id` int(11) NOT NULL AUTO_INCREMENT,
  `nickname` varchar(32) COLLATE cp1251_bin NOT NULL,
  `password` varchar(32) COLLATE cp1251_bin NOT NULL,
  `rphone` int(11) NOT NULL,
  `email` varchar(64) COLLATE cp1251_bin NOT NULL,
  `ip` varchar(15) COLLATE cp1251_bin NOT NULL DEFAULT '0.0.0.0',
  `warn` int(11) NOT NULL,
  `warnc` int(11) NOT NULL,
  `mut` int(4) NOT NULL,
  `econfirmed` int(1) NOT NULL,
  `sex` int(1) NOT NULL,
  `otigral` int(11) NOT NULL,
  `color` int(1) NOT NULL,
  `age` int(3) NOT NULL,
  `nation` int(2) NOT NULL,
  `skin` int(3) NOT NULL,
  `fractionskin` int(3) NOT NULL,
  `health` float NOT NULL,
  `hunger` int(3) NOT NULL,
  `house` int(4) NOT NULL,
  `hotel` int(2) NOT NULL,
  `hotelroom` int(1) NOT NULL,
  `car` int(4) NOT NULL,
  `job` int(2) NOT NULL,
  `salary` int(6) NOT NULL,
  `money` int(12) NOT NULL DEFAULT '0',
  `bank` int(12) NOT NULL,
  `level` int(3) NOT NULL DEFAULT '5',
  `exp` int(5) NOT NULL,
  `phone` int(6) NOT NULL,
  `phonemoney` int(6) NOT NULL,
  `wanted` int(1) NOT NULL,
  `jail` int(11) NOT NULL,
  `prison` int(1) NOT NULL,
  `killings` int(11) NOT NULL,
  `deaths` int(11) NOT NULL,
  `drugs` int(11) NOT NULL,
  `ammo` int(11) NOT NULL,
  `gunamount` int(11) NOT NULL,
  `spouse` int(11) NOT NULL,
  `fraction` int(11) NOT NULL,
  `subfraction` int(2) NOT NULL,
  `rank` int(11) NOT NULL,
  `bussiness` int(11) NOT NULL,
  `watch` int(1) NOT NULL,
  `code` varchar(25) COLLATE cp1251_bin NOT NULL,
  `requestcode` int(11) NOT NULL,
  `language` binary(8) NOT NULL,
  `admin` int(1) NOT NULL,
  `status` tinyint(1) NOT NULL,
  `last` date NOT NULL,
  `settings` int(5) NOT NULL DEFAULT '15',
  `unemployment` tinyint(1) NOT NULL,
  `donate` int(8) NOT NULL DEFAULT '0',
  `newdonate` int(32) NOT NULL,
  `vehiclekey` int(8) NOT NULL,
  `armytime` int(8) NOT NULL,
  `armyrank` int(2) NOT NULL,
  `drunk` int(11) NOT NULL,
  `gun` varchar(255) COLLATE cp1251_bin NOT NULL,
  `skills` varchar(255) COLLATE cp1251_bin NOT NULL,
  `pick` int(11) NOT NULL,
  `time` int(33) NOT NULL,
  `licDrive` int(11) NOT NULL,
  `licFly` int(11) NOT NULL,
  `licBoat` int(11) NOT NULL,
  `licWeap` int(11) NOT NULL,
  `licBusiness` int(11) NOT NULL,
  `raceLeader` int(33) NOT NULL,
  `divorce` varchar(48) COLLATE cp1251_bin NOT NULL,
  `married` int(3) NOT NULL,
  `spawn` int(11) NOT NULL,
  `radio` int(3) NOT NULL,
  `banknomer` int(11) NOT NULL,
  `bankpink` varchar(30) COLLATE cp1251_bin NOT NULL,
  `bank1` int(33) NOT NULL,
  `zakon` int(11) NOT NULL,
  `getip` varchar(15) COLLATE cp1251_bin NOT NULL DEFAULT '0.0.0.0',
  `hvost` int(11) NOT NULL,
  `bvost` int(11) NOT NULL,
  `skillgun` int(11) NOT NULL DEFAULT '1',
  `narkzav` int(3) NOT NULL,
  `diplom` int(11) NOT NULL,
  `math` int(11) NOT NULL,
  `history` int(11) NOT NULL,
  `biology` int(11) NOT NULL,
  `inform` int(11) NOT NULL,
  `russian` int(11) NOT NULL,
  `sumka` int(11) NOT NULL,
  `phonemodel` int(11) NOT NULL,
  `adminonline` int(11) NOT NULL,
  `setcode` int(11) NOT NULL,
  `onlinegame` int(11) NOT NULL,
  `ticketbussines` int(11) NOT NULL,
  `objecthat` int(11) NOT NULL,
  `objectglasses` int(11) NOT NULL,
  `sett` int(5) NOT NULL,
  `objecthouse` int(11) NOT NULL,
  `materialn` int(11) NOT NULL,
  PRIMARY KEY (`id`),
  UNIQUE KEY `nickname` (`nickname`)
) ENGINE=MyISAM  DEFAULT CHARSET=cp1251 COLLATE=cp1251_bin AUTO_INCREMENT=255 ;

--
-- Дамп данных таблицы `accounts`
--

INSERT INTO `accounts` (`id`, `nickname`, `password`, `rphone`, `email`, `ip`, `warn`, `warnc`, `mut`, `econfirmed`, `sex`, `otigral`, `color`, `age`, `nation`, `skin`, `fractionskin`, `health`, `hunger`, `house`, `hotel`, `hotelroom`, `car`, `job`, `salary`, `money`, `bank`, `level`, `exp`, `phone`, `phonemoney`, `wanted`, `jail`, `prison`, `killings`, `deaths`, `drugs`, `ammo`, `gunamount`, `spouse`, `fraction`, `subfraction`, `rank`, `bussiness`, `watch`, `code`, `requestcode`, `language`, `admin`, `status`, `last`, `settings`, `unemployment`, `donate`, `newdonate`, `vehiclekey`, `armytime`, `armyrank`, `drunk`, `gun`, `skills`, `pick`, `time`, `licDrive`, `licFly`, `licBoat`, `licWeap`, `licBusiness`, `raceLeader`, `divorce`, `married`, `spawn`, `radio`, `banknomer`, `bankpink`, `bank1`, `zakon`, `getip`, `hvost`, `bvost`, `skillgun`, `narkzav`, `diplom`, `math`, `history`, `biology`, `inform`, `russian`, `sumka`, `phonemodel`, `adminonline`, `setcode`, `onlinegame`, `ticketbussines`, `objecthat`, `objectglasses`, `sett`, `objecthouse`, `materialn`) VALUES
(253, 'Alpencolt_Bro', '63D0115237521A44F8FBDD8958C843D9', 0, 'dsdasdsadsa@mail.ru', '176.125.133.174', 0, 0, 0, 0, 1, 0, 1, 20, 1, 0, 0, 100, 0, 0, 0, 0, 0, 0, 0, 10, 100, 1, 0, 0, 0, 0, 0, 0, 0, 0, 0, 0, 0, 0, 0, 0, 0, 0, 0, '', 0, '00000\0\0', 0, 0, '2014-08-30', 15, 0, 0, 0, 0, 0, 0, 0, '', '0,0,0,0,0,0', 0, 0, 0, 0, 0, 0, 0, 0, '', 0, 0, 0, 0, '', 0, 0, '176.125.133.174', 0, 0, 1, 0, 0, 0, 0, 0, 0, 0, 0, 0, 0, 0, 0, 0, 0, 0, 0, 0, 0),
(252, 'Romeo_Mendes', '5BF3A93CBFA3E0808A6C6A049565018F', 0, 'di_did_05@bk.ru', '89.189.170.83', 0, 0, 0, 0, 1, 0, 1, 20, 1, 78, 0, 100, 0, 0, 0, 0, 0, 0, 0, 10, 100, 1, 0, 0, 0, 0, 0, 0, 0, 0, 0, 0, 0, 0, 0, 0, 0, 0, 0, '', 0, '00000\0\0', 0, 0, '2014-08-30', 15, 0, 0, 0, 0, 0, 0, 0, '', '0,0,0,0,0,0', 0, 0, 0, 0, 0, 0, 0, 0, '', 0, 0, 0, 0, '', 0, 0, '89.189.170.83', 0, 0, 1, 0, 0, 0, 0, 0, 0, 0, 0, 0, 0, 0, 0, 0, 0, 0, 0, 0, 0),
(251, 'Marcus_Mecheti', '9721330388659FAEE533A5F063590475', 0, 'vasiliewerik@yandex.ru', '109.205.252.232', 0, 0, 0, 0, 1, 0, 1, 20, 1, 136, 0, 100, 0, 0, 0, 0, 0, 0, 0, 10, 100, 1, 0, 0, 0, 0, 0, 0, 0, 0, 0, 0, 0, 0, 0, 0, 0, 0, 0, '', 0, '00000\0\0', 0, 0, '2014-08-30', 15, 0, 0, 0, 0, 0, 0, 0, '', '0,0,0,0,0,0', 0, 0, 0, 0, 0, 0, 0, 0, '', 0, 0, 0, 0, '', 0, 0, '109.205.252.232', 0, 0, 1, 0, 0, 0, 0, 0, 0, 0, 0, 0, 0, 0, 0, 0, 0, 0, 0, 0, 0),
(250, 'Juan_Capone', '2D4319064DCDAC949D56E584DE77F677', 0, 'chernyakov.2001@mail.ru', '81.13.45.118', 0, 0, 0, 0, 1, 21, 1, 20, 1, 78, 0, 100, 0, 0, 0, 0, 0, 0, 0, 10, 100, 1, 0, 0, 0, 0, 0, 0, 0, 0, 0, 0, 0, 0, 0, 0, 0, 0, 0, '', 0, '00000\0\0', 0, 0, '2014-08-30', 15, 0, 0, 0, 0, 0, 0, 0, '', '0,0,0,0,0,0', 0, 0, 0, 0, 0, 0, 0, 0, '', 0, 0, 0, 0, '', 0, 0, '81.13.45.118', 0, 0, 1, 0, 0, 0, 0, 0, 0, 0, 0, 0, 0, 0, 0, 0, 0, 0, 0, 0, 0),
(249, 'James_Carson', '910EA4BF9E54E4BC7551A593CB328F65', 0, 'i.mindubaev@mail.ru', '178.206.43.249', 0, 0, 0, 0, 1, 0, 1, 20, 1, 0, 0, 100, 0, 0, 0, 0, 0, 0, 0, 10, 100, 1, 0, 0, 0, 0, 0, 0, 0, 0, 0, 0, 0, 0, 0, 0, 0, 0, 0, '', 0, '00000\0\0', 0, 0, '2014-08-30', 15, 0, 0, 0, 0, 0, 0, 0, '', '0,0,0,0,0,0', 0, 0, 0, 0, 0, 0, 0, 0, '', 0, 0, 0, 0, '', 0, 0, '178.206.43.249', 0, 0, 1, 0, 0, 0, 0, 0, 0, 0, 0, 0, 0, 0, 0, 0, 0, 0, 0, 0, 0),
(248, 'Zaid_Massani', 'D06D8B29EF60085A4333273A7B9E0321', 0, '2335951@gmail.com', '178.124.201.88', 0, 0, 0, 0, 1, 5, 1, 20, 1, 137, 0, 100, 0, 0, 0, 0, 0, 0, 0, 10, 100, 1, 0, 0, 0, 0, 0, 0, 0, 0, 0, 0, 0, 0, 0, 0, 0, 0, 0, '', 0, '00000\0\0', 0, 0, '2014-08-30', 15, 0, 0, 0, 0, 0, 0, 0, '', '0,0,0,0,0,0', 0, 0, 0, 0, 0, 0, 0, 0, '', 0, 0, 0, 0, '', 0, 0, '178.124.201.88', 0, 0, 1, 0, 0, 0, 0, 0, 0, 0, 0, 0, 0, 0, 0, 0, 0, 0, 0, 0, 0),
(247, 'Diego_Sweet', '1CBF9ACE6677CC4A278D4DC18F29676C', 0, 'de_dast-gagarin@mail.ru', '31.180.143.97', 0, 0, 0, 0, 1, 0, 1, 20, 1, 137, 0, 100, 0, 0, 0, 0, 0, 0, 0, 10, 100, 1, 0, 0, 0, 0, 0, 0, 0, 0, 0, 0, 0, 0, 0, 0, 0, 0, 0, '', 0, '00000\0\0', 0, 0, '2014-08-30', 15, 0, 0, 0, 0, 0, 0, 0, '', '0,0,0,0,0,0', 0, 0, 0, 0, 0, 0, 0, 0, '', 0, 0, 0, 0, '', 0, 0, '31.180.143.97', 0, 0, 1, 0, 0, 0, 0, 0, 0, 0, 0, 0, 0, 0, 0, 0, 0, 0, 0, 0, 0),
(246, 'Nick_Gotti', '024847DAC7C181BCB49C774B053EF892', 0, 'diman.kresnikov@mail.ru', '95.179.23.55', 0, 0, 0, 0, 1, 21, 1, 20, 1, 78, 0, 100, 0, 0, 0, 0, 0, 0, 0, 10, 100, 1, 0, 0, 0, 0, 0, 0, 0, 0, 0, 0, 0, 0, 0, 0, 0, 0, 0, '', 0, '00000\0\0', 0, 0, '2014-08-30', 15, 0, 0, 0, 0, 0, 0, 0, '', '0,0,0,0,0,0', 0, 0, 0, 0, 0, 0, 0, 0, '', 0, 0, 0, 0, '', 0, 0, '95.179.23.55', 0, 0, 1, 0, 0, 0, 0, 0, 0, 0, 0, 0, 0, 0, 0, 0, 0, 0, 0, 0, 0),
(245, 'Alfredo_Bertini', '6E7DB0C7C1DFA18FC2FCAE53ED42C484', 0, 'alfredobertino228@mail.', '188.253.141.255', 0, 0, 0, 0, 1, 8, 1, 20, 1, 78, 0, 100, 0, 0, 0, 0, 0, 0, 0, 10, 100, 1, 0, 0, 0, 0, 0, 0, 0, 0, 0, 0, 0, 0, 0, 0, 0, 0, 0, '', 0, '00000\0\0', 0, 0, '2014-08-30', 15, 0, 0, 0, 0, 0, 0, 0, '', '0,0,0,0,0,0', 0, 0, 0, 0, 0, 0, 0, 0, '', 0, 0, 0, 0, '', 0, 0, '188.253.141.255', 0, 0, 1, 0, 0, 0, 0, 0, 0, 0, 0, 0, 0, 0, 0, 0, 0, 0, 0, 0, 0),
(243, 'Denny_Blanco', '4D7789E4FDC802FA9AAFA10DC788AEAD', 0, 'stolear98@mail.ru', '188.237.198.195', 0, 0, 0, 0, 1, 28, 1, 20, 1, 79, 0, 100, 0, 0, 0, 0, 0, 0, 0, 10, 100, 1, 0, 0, 0, 0, 0, 0, 0, 0, 0, 0, 0, 0, 0, 0, 0, 0, 0, '', 0, '00000\0\0', 0, 0, '2014-08-30', 15, 0, 0, 0, 0, 0, 0, 0, '', '0,0,0,0,0,0', 0, 0, 0, 0, 0, 0, 0, 0, '', 0, 0, 0, 0, '', 0, 0, '188.237.198.195', 0, 0, 1, 0, 0, 0, 0, 0, 0, 0, 0, 0, 0, 0, 0, 0, 0, 0, 0, 0, 0),
(244, 'Jones_Saints', 'FEE47092BCBFA3718ECD2ADC51C8627A', 0, 'saints-2014@mail.ru', '89.105.158.243', 0, 0, 0, 0, 1, 0, 1, 20, 1, 136, 0, 100, 0, 0, 0, 0, 0, 0, 0, 10, 100, 1, 0, 0, 0, 0, 0, 0, 0, 0, 0, 0, 0, 0, 0, 0, 0, 0, 0, '', 0, '00000\0\0', 0, 0, '2014-08-30', 15, 0, 0, 0, 0, 0, 0, 0, '', '0,0,0,0,0,0', 0, 0, 0, 0, 0, 0, 0, 0, '', 0, 0, 0, 0, '', 0, 0, '89.105.158.243', 0, 0, 1, 0, 0, 0, 0, 0, 0, 0, 0, 0, 0, 0, 0, 0, 0, 0, 0, 0, 0),
(242, 'Old_Cardozo', 'D6AA8DCB561B3E4411A7B0147ECC0491', 0, 'rus-danilenko@mail.ru', '31.170.132.144', 0, 0, 0, 0, 1, 0, 1, 20, 1, 78, 0, 100, 0, 0, 0, 0, 0, 0, 0, 10, 100, 1, 0, 0, 0, 0, 0, 0, 0, 0, 0, 0, 0, 0, 0, 0, 0, 0, 0, '', 0, '00000\0\0', 0, 0, '2014-08-30', 15, 0, 0, 0, 0, 0, 0, 0, '', '0,0,0,0,0,0', 0, 0, 0, 0, 0, 0, 0, 0, '', 0, 0, 0, 0, '', 0, 0, '31.170.132.144', 0, 0, 1, 0, 0, 0, 0, 0, 0, 0, 0, 0, 0, 0, 0, 0, 0, 0, 0, 0, 0),
(254, 'Miroslav_Semenkov', '594AAD11D401C908016D63A5888796F0', 0, 'semirllloc@gmail.com', '213.87.143.52', 0, 0, 0, 0, 1, 0, 1, 20, 1, 78, 0, 100, 0, 0, 0, 0, 0, 0, 0, 10, 100, 1, 0, 0, 0, 0, 0, 0, 0, 0, 0, 0, 0, 0, 0, 0, 0, 0, 0, '', 0, '00000\0\0', 0, 0, '2014-08-30', 15, 0, 0, 0, 0, 0, 0, 0, '', '0,0,0,0,0,0', 0, 0, 0, 0, 0, 0, 0, 0, '', 0, 0, 0, 0, '', 0, 0, '213.87.143.52', 0, 0, 1, 0, 0, 0, 0, 0, 0, 0, 0, 0, 0, 0, 0, 0, 0, 0, 0, 0, 0),
(241, 'Martin_Sweet', '5B1B68A9ABF4D2CD155C81A9225FD158', 0, 'nice.rayder34rus@mail.r', '188.233.143.162', 0, 0, 0, 0, 1, 36, 1, 20, 1, 78, 0, 100, 0, 0, 0, 0, 0, 0, 0, 10, 100, 1, 0, 0, 0, 0, 0, 0, 0, 0, 0, 0, 0, 0, 0, 0, 0, 0, 0, '', 0, '00000\0\0', 0, 0, '2014-08-30', 15, 0, 0, 0, 0, 0, 0, 0, '', '0,0,0,0,0,0', 0, 0, 0, 0, 0, 0, 0, 0, '', 0, 0, 0, 0, '', 0, 0, '188.233.143.162', 0, 0, 1, 0, 0, 0, 0, 0, 0, 0, 0, 0, 0, 0, 0, 0, 0, 0, 0, 0, 0),
(240, 'Adam_West', 'C8837B23FF8AAA8A2DDE915473CE0991', 0, 'pawnoru@bk.ru', '5.128.55.17', 0, 0, 0, 0, 1, 3232, 1, 20, 1, 79, 294, 100, 0, 0, 0, 0, 0, 0, 0, 499809, 100, 1, 0, 0, 0, 0, 0, 0, 0, 0, 0, 0, 0, 0, 5, 0, 10, 0, 0, '', 0, '00000\0\0', 5, 0, '2014-08-30', 15, 0, 0, 0, 0, 0, 0, 0, '', '0,0,0,0,0,0', 0, 0, 1, 1, 1, 1, 1, 0, '', 0, 2, 0, 0, '', 0, 0, '127.0.0.1', 0, 0, 1, 0, 0, 0, 0, 0, 0, 0, 0, 0, 3080, 0, 0, 0, 0, 0, 0, 0, 0),
(239, 'Thomas_Barrera', '9C4327B9B6DEC3FF3036FAF2DB294DB9', 0, 'zooyork606@gmail.com', '109.167.205.39', 0, 0, 0, 0, 1, 44, 1, 20, 1, 136, 0, 100, 0, 0, 0, 0, 0, 0, 0, 10, 100, 1, 0, 0, 0, 0, 0, 0, 0, 0, 0, 0, 0, 0, 0, 0, 0, 0, 0, '', 0, '00000\0\0', 0, 0, '2014-08-30', 15, 0, 0, 0, 0, 0, 0, 0, '', '0,0,0,0,0,0', 0, 0, 0, 0, 0, 0, 0, 0, '', 0, 0, 0, 0, '', 0, 0, '109.167.205.39', 0, 0, 1, 0, 0, 0, 0, 0, 0, 0, 0, 0, 0, 0, 0, 0, 0, 0, 0, 0, 0),
(238, 'Diego_Bonera', '8286CE2EEFEDAA9CAF3005493D24BE54', 0, 'axaxa.lol@inbox.ru', '178.88.92.174', 0, 0, 0, 0, 1, 65, 1, 20, 1, 137, 0, 100, 0, 0, 0, 0, 0, 0, 0, 10, 100, 1, 0, 0, 0, 0, 0, 0, 0, 0, 0, 0, 0, 0, 0, 0, 0, 0, 0, '', 0, '00000\0\0', 0, 0, '2014-08-30', 15, 0, 0, 0, 0, 0, 0, 0, '', '0,0,0,0,0,0', 0, 0, 0, 0, 0, 0, 0, 0, '', 0, 0, 0, 0, '', 0, 0, '178.88.92.174', 0, 0, 1, 0, 0, 0, 0, 0, 0, 0, 0, 0, 0, 0, 0, 0, 0, 0, 0, 0, 0),
(237, 'Edward_Blanco', 'DE985657894BBF9368329FA0882D0F09', 0, 'mhudson1@mail.ru', '188.237.198.131', 0, 0, 0, 0, 1, 35, 1, 20, 1, 78, 0, 100, 0, 0, 0, 0, 0, 0, 0, 10, 100, 1, 0, 0, 0, 0, 0, 0, 0, 0, 0, 0, 0, 0, 0, 0, 0, 0, 0, '', 0, '00000\0\0', 0, 0, '2014-08-30', 15, 0, 0, 0, 0, 0, 0, 0, '', '0,0,0,0,0,0', 0, 0, 0, 0, 0, 0, 0, 0, '', 0, 0, 0, 0, '', 0, 0, '188.237.198.131', 0, 0, 1, 0, 0, 0, 0, 0, 0, 0, 0, 0, 0, 0, 0, 0, 0, 0, 0, 0, 0),
(235, 'Matthew_May', 'F1A72B297393B6DBE94C54F8E2092988', 0, 'drozdov.266@gmail.com', '81.4.242.0', 0, 0, 0, 0, 1, 28, 1, 20, 1, 137, 0, 100, 0, 0, 0, 0, 0, 0, 0, 10, 100, 1, 0, 0, 0, 0, 0, 0, 0, 0, 0, 0, 0, 0, 0, 0, 0, 0, 0, '', 0, '00000\0\0', 0, 0, '2014-08-30', 15, 0, 0, 0, 0, 0, 0, 0, '', '0,0,0,0,0,0', 0, 0, 0, 0, 0, 0, 0, 0, '', 0, 0, 0, 0, '', 0, 0, '81.4.242.0', 0, 0, 1, 0, 0, 0, 0, 0, 0, 0, 0, 0, 0, 0, 0, 0, 0, 0, 0, 0, 0),
(236, 'Jack_Davidson', 'A02C85251BEB61BD319E7CDF884A9577', 0, 'kaktyz0n@gmail.com', '80.237.46.254', 0, 0, 0, 0, 1, 34, 1, 20, 1, 136, 0, 100, 0, 0, 0, 0, 0, 0, 0, 10, 100, 1, 0, 0, 0, 0, 0, 0, 0, 0, 0, 0, 0, 0, 0, 0, 0, 0, 0, '', 0, '00000\0\0', 0, 0, '2014-08-30', 15, 0, 0, 0, 0, 0, 0, 0, '', '0,0,0,0,0,0', 0, 0, 0, 0, 0, 0, 0, 0, '', 0, 0, 0, 0, '', 0, 0, '80.237.46.254', 0, 0, 1, 0, 0, 0, 0, 0, 0, 0, 0, 0, 0, 0, 0, 0, 0, 0, 0, 0, 0),
(234, 'Mikhail_Kentons', '835E50F5167AF100F1E3BA58FD7E26EF', 0, 'kolganov_mihail@mail.ru', '31.163.119.4', 0, 0, 0, 0, 1, 33, 1, 20, 1, 78, 0, 100, 0, 0, 0, 0, 0, 0, 0, 10, 100, 1, 0, 0, 0, 0, 0, 0, 0, 0, 0, 0, 0, 0, 0, 0, 0, 0, 0, '', 0, '00000\0\0', 0, 0, '2014-08-30', 15, 0, 0, 0, 0, 0, 0, 0, '', '0,0,0,0,0,0', 0, 0, 0, 0, 0, 0, 0, 0, '', 0, 0, 0, 0, '', 0, 0, '31.163.119.4', 0, 0, 1, 0, 0, 0, 0, 0, 0, 0, 0, 0, 0, 0, 0, 0, 0, 0, 0, 0, 0),
(233, 'Riccardo_Danieli', '5A354D95C3807EDB032C56BAF246B811', 0, 'riccardodanieli@bk.ru', '31.148.3.20', 0, 0, 0, 0, 1, 68, 1, 20, 1, 78, 0, 100, 0, 0, 0, 0, 0, 0, 0, 10, 100, 1, 0, 0, 0, 0, 0, 0, 0, 0, 0, 0, 0, 0, 0, 0, 0, 0, 0, '', 0, '00000\0\0', 0, 0, '2014-08-30', 15, 0, 0, 0, 0, 0, 0, 0, '', '0,0,0,0,0,0', 0, 0, 0, 0, 0, 0, 0, 0, '', 0, 0, 0, 0, '', 0, 0, '31.148.3.20', 0, 0, 1, 0, 0, 0, 0, 0, 0, 0, 0, 0, 0, 0, 0, 0, 0, 0, 0, 0, 0),
(232, 'Mario_Gamero', '0FCFC11AD1174013A9661ECE5F5C5611', 0, '13_matish_13@mail.ru', '109.60.206.44', 0, 0, 0, 0, 1, 33, 1, 20, 1, 200, 0, 100, 0, 0, 0, 0, 0, 0, 0, 10, 100, 1, 0, 0, 0, 0, 0, 0, 0, 0, 0, 0, 0, 0, 0, 0, 0, 0, 0, '', 0, '00000\0\0', 0, 0, '2014-08-30', 15, 0, 0, 0, 0, 0, 0, 0, '', '0,0,0,0,0,0', 0, 0, 0, 0, 0, 0, 0, 0, '', 0, 0, 0, 0, '', 0, 0, '109.60.206.44', 0, 0, 1, 0, 0, 0, 0, 0, 0, 0, 0, 0, 0, 0, 0, 0, 0, 0, 0, 0, 0),
(231, 'Markus_Saints', '2F7280CB559551E08D157AF8634C63B1', 0, 'v.diganov@yandex.ru', '188.168.108.81', 0, 0, 0, 0, 1, 40, 1, 20, 1, 78, 0, 100, 0, 0, 0, 0, 0, 0, 0, 10, 100, 1, 0, 0, 0, 0, 0, 0, 0, 0, 0, 0, 0, 0, 0, 0, 0, 0, 0, '', 0, '00000\0\0', 0, 0, '2014-08-30', 15, 0, 0, 0, 0, 0, 0, 0, '', '0,0,0,0,0,0', 0, 0, 0, 0, 0, 0, 0, 0, '', 0, 0, 0, 0, '', 0, 0, '188.168.108.81', 0, 0, 1, 0, 0, 0, 0, 0, 0, 0, 0, 0, 0, 0, 0, 0, 0, 0, 0, 0, 0),
(230, 'Jake_Anderson', 'B5B66D5296D539D201E97FC99BF0BFB7', 0, 'nicita.com2013@yandex.r', '89.109.24.186', 0, 0, 0, 0, 1, 53, 1, 20, 1, 136, 0, 100, 0, 0, 0, 0, 0, 0, 0, 10, 100, 1, 0, 0, 0, 0, 0, 0, 0, 0, 0, 0, 0, 0, 0, 0, 0, 0, 0, '', 0, '00000\0\0', 0, 0, '2014-08-30', 15, 0, 0, 0, 0, 0, 0, 0, '', '0,0,0,0,0,0', 0, 0, 0, 0, 0, 0, 0, 0, '', 0, 0, 0, 0, '', 0, 0, '89.109.24.186', 0, 0, 1, 0, 0, 0, 0, 0, 0, 0, 0, 0, 0, 0, 0, 0, 0, 0, 0, 0, 0),
(229, 'Arch_Angel', '8F80E0266376A4AB652A13CD8B74192B', 0, 'archangel4709@mail.ru', '109.252.23.43', 0, 0, 0, 0, 1, 45, 1, 20, 1, 78, 0, 100, 0, 0, 0, 0, 0, 0, 0, 10, 100, 1, 0, 0, 0, 0, 0, 0, 0, 0, 0, 0, 0, 0, 0, 0, 0, 0, 0, '', 0, '00000\0\0', 0, 0, '2014-08-30', 15, 0, 0, 0, 0, 0, 0, 0, '', '0,0,0,0,0,0', 0, 0, 0, 0, 0, 0, 0, 0, '', 0, 0, 0, 0, '', 0, 0, '109.252.23.43', 0, 0, 1, 0, 0, 0, 0, 0, 0, 0, 0, 0, 0, 0, 0, 0, 0, 0, 0, 0, 0),
(228, 'Bart_Fibanacci', '924080ACE6A47C4477A306B51D3478E2', 0, 'stas7980@mail.ru', '217.118.78.89', 0, 0, 0, 0, 1, 48, 1, 20, 1, 78, 0, 100, 0, 0, 0, 0, 0, 0, 0, 10, 100, 1, 0, 0, 0, 0, 0, 0, 0, 0, 0, 0, 0, 0, 0, 0, 0, 0, 0, '', 0, '00000\0\0', 0, 0, '2014-08-30', 15, 0, 0, 0, 0, 0, 0, 0, '', '0,0,0,0,0,0', 0, 0, 0, 0, 0, 0, 0, 0, '', 0, 0, 0, 0, '', 0, 0, '217.118.78.89', 0, 0, 1, 0, 0, 0, 0, 0, 0, 0, 0, 0, 0, 0, 0, 0, 0, 0, 0, 0, 0),
(227, 'Misha_Sanchez', '25F9E794323B453885F5181F1B624D0B', 0, 'ruchik@yandex.ru', '194.28.16.26', 0, 0, 0, 0, 1, 0, 1, 20, 1, 78, 0, 100, 0, 0, 0, 0, 0, 0, 0, 10, 100, 1, 0, 0, 0, 0, 0, 0, 0, 0, 0, 0, 0, 0, 0, 0, 0, 0, 0, '', 0, '00000\0\0', 0, 0, '2014-08-30', 15, 0, 0, 0, 0, 0, 0, 0, '', '0,0,0,0,0,0', 0, 0, 0, 0, 0, 0, 0, 0, '', 0, 0, 0, 0, '', 0, 0, '194.28.16.26', 0, 0, 1, 0, 0, 0, 0, 0, 0, 0, 0, 0, 0, 0, 0, 0, 0, 0, 0, 0, 0),
(226, 'Faquer_Balotelli', '9EA5E6F10D48803AE38499C0D5E6D93F', 0, 'mrbalotelli@mail.ru', '178.141.158.151', 0, 0, 0, 0, 1, 67, 1, 20, 1, 200, 0, 100, 0, 0, 0, 0, 0, 0, 0, 10, 100, 1, 0, 0, 0, 0, 0, 0, 0, 0, 0, 0, 0, 0, 0, 0, 0, 0, 0, '', 0, '00000\0\0', 0, 0, '2014-08-30', 15, 0, 0, 0, 0, 0, 0, 0, '', '0,0,0,0,0,0', 0, 0, 0, 0, 0, 0, 0, 0, '', 0, 0, 0, 0, '', 0, 0, '178.141.158.151', 0, 0, 1, 0, 0, 0, 0, 0, 0, 0, 0, 0, 0, 0, 0, 0, 0, 0, 0, 0, 0),
(225, 'Paul_Ventura', '4057C921D4D050EE3FF1EBB00A02EAF2', 0, 'revelsystudio@yandex.ru', '95.66.213.35', 0, 0, 0, 0, 1, 47, 1, 20, 1, 78, 0, 100, 0, 0, 0, 0, 0, 0, 0, 10, 100, 1, 0, 0, 0, 0, 0, 0, 0, 0, 0, 0, 0, 0, 0, 0, 0, 0, 0, '', 0, '00000\0\0', 0, 0, '2014-08-30', 15, 0, 0, 0, 0, 0, 0, 0, '', '0,0,0,0,0,0', 0, 0, 0, 0, 0, 0, 0, 0, '', 0, 0, 0, 0, '', 0, 0, '95.66.213.35', 0, 0, 1, 0, 0, 0, 0, 0, 0, 0, 0, 0, 0, 0, 0, 0, 0, 0, 0, 0, 0),
(224, 'Alex_Real', '8D2DA0AE25E360AB1BFF553B007835BC', 0, 'a_nomer1@mail.ru', '37.214.248.50', 0, 0, 0, 0, 1, 58, 1, 20, 1, 78, 0, 100, 0, 0, 0, 0, 0, 0, 0, 10, 100, 1, 0, 0, 0, 0, 0, 0, 0, 0, 0, 0, 0, 0, 0, 0, 0, 0, 0, '', 0, '00000\0\0', 0, 0, '2014-08-30', 15, 0, 0, 0, 0, 0, 0, 0, '', '0,0,0,0,0,0', 0, 0, 0, 0, 0, 0, 0, 0, '', 0, 0, 0, 0, '', 0, 0, '37.214.248.50', 0, 0, 1, 0, 0, 0, 0, 0, 0, 0, 0, 0, 0, 0, 0, 0, 0, 0, 0, 0, 0),
(223, 'Nice_Ajin', '3C019BCA81341BA325EEAD782CE61528', 0, 'nice_ajin@mail.ru', '185.3.32.64', 0, 0, 0, 0, 1, 61, 1, 20, 1, 79, 0, 100, 0, 0, 0, 0, 0, 0, 0, 10, 100, 1, 0, 0, 0, 0, 0, 0, 0, 0, 0, 0, 0, 0, 0, 0, 0, 0, 0, '', 0, '00000\0\0', 0, 0, '2014-08-30', 15, 0, 0, 0, 0, 0, 0, 0, '', '0,0,0,0,0,0', 0, 0, 0, 0, 0, 0, 0, 0, '', 0, 0, 0, 0, '', 0, 0, '185.3.32.64', 0, 0, 1, 0, 0, 0, 0, 0, 0, 0, 0, 0, 0, 0, 0, 0, 0, 0, 0, 0, 0),
(222, 'Darren_Bacardi', '6B6C150D607DFC64D25F291D6B99696A', 0, 'pawel4422@gmail.com', '188.122.242.134', 0, 0, 0, 0, 1, 82, 1, 20, 1, 78, 0, 100, 0, 0, 0, 0, 0, 0, 0, 110, 0, 1, 0, 0, 0, 0, 0, 0, 0, 0, 0, 0, 0, 0, 0, 0, 0, 0, 0, '', 0, '00000\0\0', 0, 0, '2014-08-30', 15, 0, 0, 0, 0, 0, 0, 0, '', '0,0,0,0,0,0', 0, 0, 0, 0, 0, 0, 0, 0, '', 0, 0, 0, 0, '', 0, 0, '188.122.242.134', 0, 0, 1, 0, 0, 0, 0, 0, 0, 0, 0, 0, 0, 0, 0, 0, 0, 0, 0, 0, 0),
(221, 'Richard_Wallker', 'D0CF41590D8F49D4E742D059607DD718', 0, 'vitalic03@mail.ru', '109.185.177.77', 0, 0, 0, 0, 1, 0, 1, 20, 1, 136, 0, 100, 0, 0, 0, 0, 0, 0, 0, 10, 100, 1, 0, 0, 0, 0, 0, 0, 0, 0, 0, 0, 0, 0, 0, 0, 0, 0, 0, '', 0, '00000\0\0', 0, 0, '2014-08-30', 15, 0, 0, 0, 0, 0, 0, 0, '', '0,0,0,0,0,0', 0, 0, 1, 1, 1, 1, 1, 0, '', 0, 0, 0, 0, '', 0, 0, '109.185.177.77', 0, 0, 1, 0, 0, 0, 0, 0, 0, 0, 0, 0, 0, 0, 0, 0, 0, 0, 0, 0, 0),
(220, 'Mario_Lampereti', 'A006846C1E823A2446F6FC00F96B17E6', 0, 'blablabla2002@bk.ru', '109.229.5.203', 0, 0, 0, 0, 1, 29, 1, 20, 1, 136, 0, 100, 0, 0, 0, 0, 0, 0, 0, 10, 100, 1, 0, 0, 0, 0, 0, 0, 0, 0, 0, 0, 0, 0, 0, 0, 0, 0, 0, '', 0, '00000\0\0', 0, 0, '2014-08-30', 15, 0, 0, 0, 0, 0, 0, 0, '', '0,0,0,0,0,0', 0, 0, 0, 0, 0, 0, 0, 0, '', 0, 0, 0, 0, '', 0, 0, '109.229.5.203', 0, 0, 1, 0, 0, 0, 0, 0, 0, 0, 0, 0, 0, 0, 0, 0, 0, 0, 0, 0, 0),
(218, 'Said_Lakers', 'B95C297A760A78B3E1F28DBC4A8929CA', 0, 'said.abacharaev@mail.ru', '94.77.16.168', 0, 0, 0, 0, 1, 0, 1, 20, 1, 0, 0, 100, 0, 0, 0, 0, 0, 0, 0, 10, 100, 1, 0, 0, 0, 0, 0, 0, 0, 0, 0, 0, 0, 0, 0, 0, 0, 0, 0, '', 0, '00000\0\0', 0, 0, '2014-08-30', 15, 0, 0, 0, 0, 0, 0, 0, '', '0,0,0,0,0,0', 0, 0, 0, 0, 0, 0, 0, 0, '', 0, 0, 0, 0, '', 0, 0, '94.77.16.168', 0, 0, 1, 0, 0, 0, 0, 0, 0, 0, 0, 0, 0, 0, 0, 0, 0, 0, 0, 0, 0),
(216, 'Grigor_Giovanni', '57DFA3EB71B9449A18C781EA00C77353', 0, 'ruipe.do.am@mail.ru', '188.115.204.217', 0, 0, 0, 0, 1, 0, 1, 20, 1, 137, 0, 100, 0, 0, 0, 0, 0, 0, 0, 10, 100, 1, 0, 0, 0, 0, 0, 0, 0, 0, 0, 0, 0, 0, 0, 0, 0, 0, 0, '', 0, '00000\0\0', 0, 0, '2014-08-30', 15, 0, 0, 0, 0, 0, 0, 0, '', '0,0,0,0,0,0', 0, 0, 0, 0, 0, 0, 0, 0, '', 0, 0, 0, 0, '', 0, 0, '188.115.204.217', 0, 0, 1, 0, 0, 0, 0, 0, 0, 0, 0, 0, 0, 0, 0, 0, 0, 0, 0, 0, 0),
(217, 'Alan_Clark', '5681AC3AD21250F328D3F701DB0A851C', 0, 'wishopss@gmail.com', '89.151.159.114', 0, 0, 0, 0, 1, 28, 1, 20, 1, 136, 0, 100, 0, 0, 0, 0, 0, 0, 0, 10, 100, 1, 0, 0, 0, 0, 0, 0, 0, 0, 0, 0, 0, 0, 0, 0, 0, 0, 0, '', 0, '00000\0\0', 0, 0, '2014-08-30', 15, 0, 0, 0, 0, 0, 0, 0, '', '0,0,0,0,0,0', 0, 0, 0, 0, 0, 0, 0, 0, '', 0, 0, 0, 0, '', 0, 0, '89.151.159.114', 0, 0, 1, 0, 0, 0, 0, 0, 0, 0, 0, 0, 0, 0, 0, 0, 0, 0, 0, 0, 0),
(215, 'Castiel_Hard', '19D0E48BB13854FAB806D2A7EE623993', 0, 'hardiwe@icloud.com', '109.254.192.172', 0, 0, 0, 0, 1, 37, 1, 20, 1, 78, 0, 100, 0, 0, 0, 0, 0, 0, 0, 10, 100, 1, 0, 0, 0, 0, 0, 0, 0, 0, 0, 0, 0, 0, 0, 0, 0, 0, 0, '', 0, '00000\0\0', 0, 0, '2014-08-30', 15, 0, 0, 0, 0, 0, 0, 0, '', '0,0,0,0,0,0', 0, 0, 0, 0, 0, 0, 0, 0, '', 0, 0, 0, 0, '', 0, 0, '109.254.192.172', 0, 0, 1, 0, 0, 0, 0, 0, 0, 0, 0, 0, 0, 0, 0, 0, 0, 0, 0, 0, 0),
(214, 'Andreas_Mueller', '9542FFC3191C999A2BE5E53145A74CFF', 0, 'gaifullin2546@bk.ru', '87.117.189.68', 0, 0, 0, 0, 1, 0, 1, 20, 1, 78, 0, 100, 0, 0, 0, 0, 0, 0, 0, 10, 100, 1, 0, 0, 0, 0, 0, 0, 0, 0, 0, 0, 0, 0, 0, 0, 0, 0, 0, '', 0, '00000\0\0', 0, 0, '2014-08-30', 15, 0, 0, 0, 0, 0, 0, 0, '', '0,0,0,0,0,0', 0, 0, 0, 0, 0, 0, 0, 0, '', 0, 0, 0, 0, '', 0, 0, '87.117.189.68', 0, 0, 1, 0, 0, 0, 0, 0, 0, 0, 0, 0, 0, 0, 0, 0, 0, 0, 0, 0, 0),
(213, 'Benjamin_Austin', 'E10ADC3949BA59ABBE56E057F20F883E', 0, 'dfg@mail.ru', '178.121.131.199', 0, 0, 0, 0, 1, 39, 1, 20, 1, 78, 0, 100, 0, 0, 0, 0, 0, 0, 0, 10, 100, 1, 0, 0, 0, 0, 0, 0, 0, 0, 0, 0, 0, 0, 0, 0, 0, 0, 0, '', 0, '00000\0\0', 0, 0, '2014-08-30', 15, 0, 0, 0, 0, 0, 0, 0, '', '0,0,0,0,0,0', 0, 0, 0, 0, 0, 0, 0, 0, '', 0, 0, 0, 0, '', 0, 0, '178.121.131.199', 0, 0, 1, 0, 0, 0, 0, 0, 0, 0, 0, 0, 0, 0, 0, 0, 0, 0, 0, 0, 0),
(212, 'Nario_Donati', '38677AEF25670AB1F062A45F0D6FDDC9', 0, 'nario_rizzo@mail.ru', '95.190.225.169', 0, 0, 0, 0, 1, 53, 1, 20, 1, 78, 0, 100, 0, 0, 0, 0, 0, 0, 0, 10, 100, 1, 0, 0, 0, 0, 0, 0, 0, 0, 0, 0, 0, 0, 0, 0, 0, 0, 0, '', 0, '00000\0\0', 0, 0, '2014-08-30', 15, 0, 0, 0, 0, 0, 0, 0, '', '0,0,0,0,0,0', 0, 0, 0, 0, 0, 0, 0, 0, '', 0, 0, 0, 0, '', 0, 0, '95.190.225.169', 0, 0, 1, 0, 0, 0, 0, 0, 0, 0, 0, 0, 0, 0, 0, 0, 0, 0, 0, 0, 0),
(211, 'Hell_King', 'BAAB9645A080A2BB63EEB6B6CFF055E7', 0, 'dashko2000e-mail.ua@yan', '91.200.2.193', 0, 0, 0, 0, 1, 81, 1, 20, 1, 78, 0, 100, 0, 0, 0, 0, 0, 0, 0, 10, 100, 1, 0, 0, 0, 0, 0, 0, 0, 0, 0, 0, 0, 0, 0, 0, 0, 0, 0, '', 0, '00000\0\0', 0, 0, '2014-08-30', 15, 0, 0, 0, 0, 0, 0, 0, '', '0,0,0,0,0,0', 0, 0, 0, 0, 0, 0, 0, 0, '', 0, 0, 0, 0, '', 0, 0, '91.200.2.193', 0, 0, 1, 0, 0, 0, 0, 0, 0, 0, 0, 0, 0, 0, 0, 0, 0, 0, 0, 0, 0),
(210, 'Sammy_Burns', 'CDCD0CBE68D60E6FF6D2DB7BB29B2D5E', 0, 'livingston1999@mail.ru', '37.115.192.147', 0, 0, 0, 0, 1, 51, 1, 20, 1, 136, 0, 100, 0, 0, 0, 0, 0, 0, 0, 10, 100, 1, 0, 0, 0, 0, 0, 0, 0, 0, 0, 0, 0, 0, 0, 0, 0, 0, 0, '', 0, '00000\0\0', 0, 0, '2014-08-30', 15, 0, 0, 0, 0, 0, 0, 0, '', '0,0,0,0,0,0', 0, 0, 0, 0, 0, 0, 0, 0, '', 0, 0, 0, 0, '', 0, 0, '37.115.192.147', 0, 0, 1, 0, 0, 0, 0, 0, 0, 0, 0, 0, 0, 0, 0, 0, 0, 0, 0, 0, 0),
(209, 'Kot_Anderson', '65343AA19B4AD1CC983540B6A726A12F', 0, 'victormisurkeev@gmail.c', '178.166.233.22', 0, 0, 0, 0, 1, 65, 1, 20, 1, 78, 0, 100, 0, 0, 0, 0, 0, 0, 0, 100, 100, 1, 0, 0, 0, 0, 0, 0, 0, 0, 0, 0, 0, 0, 0, 0, 0, 0, 0, '', 0, '00000\0\0', 0, 0, '2014-08-30', 15, 0, 0, 0, 0, 0, 0, 0, '', '0,0,0,0,0,0', 0, 0, 1, 1, 1, 1, 1, 0, '', 0, 0, 0, 0, '', 0, 0, '178.166.233.22', 0, 0, 1, 0, 0, 0, 0, 0, 0, 0, 0, 0, 0, 0, 0, 0, 0, 0, 0, 0, 0),
(208, 'Defender_Reigns', 'E10ADC3949BA59ABBE56E057F20F883E', 0, '6t7uij@mail.ru', '95.30.237.232', 0, 0, 0, 0, 1, 68, 1, 20, 1, 78, 0, 100, 0, 0, 0, 0, 0, 0, 0, 10, 100, 1, 0, 0, 0, 0, 0, 0, 0, 0, 0, 0, 0, 0, 0, 0, 0, 0, 0, '', 0, '00000\0\0', 0, 0, '2014-08-30', 15, 0, 0, 0, 0, 0, 0, 0, '', '0,0,0,0,0,0', 0, 0, 0, 0, 0, 0, 0, 0, '', 0, 0, 0, 0, '', 0, 0, '95.30.237.232', 0, 0, 1, 0, 0, 0, 0, 0, 0, 0, 0, 0, 0, 0, 0, 0, 0, 0, 0, 0, 0),
(207, 'Lord_White', '541638841B94E08640E8D00C9B4690EF', 0, 'd.i.v.1998@mail.ru', '91.232.9.65', 0, 0, 0, 0, 1, 72, 1, 20, 1, 78, 0, 100, 0, 0, 0, 0, 0, 0, 0, 10, 100, 1, 0, 0, 0, 0, 0, 0, 0, 0, 0, 0, 0, 0, 0, 0, 0, 0, 0, '', 0, '00000\0\0', 0, 0, '2014-08-30', 15, 0, 0, 0, 0, 0, 0, 0, '', '0,0,0,0,0,0', 0, 0, 0, 0, 0, 0, 0, 0, '', 0, 0, 0, 0, '', 0, 0, '91.232.9.65', 0, 0, 1, 0, 0, 0, 0, 0, 0, 0, 0, 0, 0, 0, 0, 0, 0, 0, 0, 0, 0),
(206, 'Jacob_Crooks', '3AB14D2E2FA9435E5AF1517C3E464D6D', 0, 'evil_drav@ukr.net', '93.126.77.185', 0, 0, 0, 0, 1, 40, 1, 20, 1, 78, 0, 100, 0, 0, 0, 0, 0, 0, 0, 10, 100, 1, 0, 0, 0, 0, 0, 0, 0, 0, 0, 0, 0, 0, 0, 0, 0, 0, 0, '', 0, '00000\0\0', 0, 0, '2014-08-30', 15, 0, 0, 0, 0, 0, 0, 0, '', '0,0,0,0,0,0', 0, 0, 0, 0, 0, 0, 0, 0, '', 0, 0, 0, 0, '', 0, 0, '93.126.77.185', 0, 0, 1, 0, 0, 0, 0, 0, 0, 0, 0, 0, 0, 0, 0, 0, 0, 0, 0, 0, 0),
(205, 'Vladimir_Putin', '02633D0645DD54586BF7D7A553894925', 0, 'vlanti1337@yandex.ru', '88.200.215.107', 0, 0, 0, 0, 1, 90, 1, 20, 1, 78, 0, 100, 0, 0, 0, 0, 0, 0, 0, 10, 100, 1, 0, 0, 0, 0, 0, 0, 0, 0, 0, 0, 0, 0, 0, 0, 0, 0, 0, '', 0, '00000\0\0', 0, 0, '2014-08-30', 15, 0, 0, 0, 0, 0, 0, 0, '', '0,0,0,0,0,0', 0, 0, 0, 0, 0, 0, 0, 0, '', 0, 0, 0, 0, '', 0, 0, '88.200.214.14', 0, 0, 1, 0, 0, 0, 0, 0, 0, 0, 0, 0, 0, 0, 0, 0, 0, 0, 0, 0, 0),
(204, 'Alfredo_Gamero', 'C2552FE62964B1B9F5A0E1F602453450', 0, 'd.reduk00@mail.ru', '176.196.220.195', 0, 0, 0, 0, 1, 101, 1, 20, 1, 78, 0, 100, 0, 0, 0, 0, 0, 0, 0, 10, 100, 1, 0, 0, 0, 0, 0, 0, 0, 0, 0, 0, 0, 0, 0, 0, 0, 0, 0, '', 0, '00000\0\0', 0, 0, '2014-08-30', 15, 0, 0, 0, 0, 0, 0, 0, '', '0,0,0,0,0,0', 0, 0, 0, 0, 0, 0, 0, 0, '', 0, 0, 0, 0, '', 0, 0, '176.196.220.195', 0, 0, 1, 0, 0, 0, 0, 0, 0, 0, 0, 0, 0, 0, 0, 0, 0, 0, 0, 0, 0),
(203, 'Alberto_Young', '3148D924CCA8DC3B34856FA0832F7168', 0, 'alex1023s@mail.ru', '5.228.254.218', 0, 0, 0, 0, 1, 0, 1, 20, 1, 136, 0, 100, 0, 0, 0, 0, 0, 0, 0, 10, 100, 1, 0, 0, 0, 0, 0, 0, 0, 0, 0, 0, 0, 0, 0, 0, 0, 0, 0, '', 0, '00000\0\0', 0, 0, '2014-08-30', 15, 0, 0, 0, 0, 0, 0, 0, '', '0,0,0,0,0,0', 0, 0, 0, 0, 0, 0, 0, 0, '', 0, 0, 0, 0, '', 0, 0, '5.228.254.218', 0, 0, 1, 0, 0, 0, 0, 0, 0, 0, 0, 0, 0, 0, 0, 0, 0, 0, 0, 0, 0),
(202, 'Jeffrey_Cross', '3A0BB9A1AC6C4C4811D7CB9292BBFCA7', 0, '1997n.b.n.12@gmail.com', '46.219.90.7', 0, 0, 0, 0, 1, 0, 1, 20, 1, 136, 0, 100, 0, 0, 0, 0, 0, 0, 0, 10, 100, 1, 0, 0, 0, 0, 0, 0, 0, 0, 0, 0, 0, 0, 0, 0, 0, 0, 0, '', 0, '00000\0\0', 0, 0, '2014-08-30', 15, 0, 0, 0, 0, 0, 0, 0, '', '0,0,0,0,0,0', 0, 0, 0, 0, 0, 0, 0, 0, '', 0, 0, 0, 0, '', 0, 0, '46.219.90.7', 0, 0, 1, 0, 0, 0, 0, 0, 0, 0, 0, 0, 0, 0, 0, 0, 0, 0, 0, 0, 0),
(201, 'Lucas_Compton', 'F2DB3B409C80D280C6CEF6D42A178100', 0, 'alikosic@yandex.ru', '92.255.190.37', 0, 0, 0, 0, 1, 0, 1, 20, 1, 137, 0, 100, 0, 0, 0, 0, 0, 0, 0, 10, 100, 1, 0, 0, 0, 0, 0, 0, 0, 0, 0, 0, 0, 0, 0, 0, 0, 0, 0, '', 0, '00000\0\0', 0, 0, '2014-08-30', 15, 0, 0, 0, 0, 0, 0, 0, '', '0,0,0,0,0,0', 0, 0, 0, 0, 0, 0, 0, 0, '', 0, 0, 0, 0, '', 0, 0, '92.255.190.37', 0, 0, 1, 0, 0, 0, 0, 0, 0, 0, 0, 0, 0, 0, 0, 0, 0, 0, 0, 0, 0),
(200, 'Alberto_Esposito', '36C7CFACB947C5937381FA8F95AAFBB6', 0, 'wasper-evernight@mail.r', '5.34.106.248', 0, 0, 0, 0, 1, 29, 1, 20, 1, 78, 0, 100, 0, 0, 0, 0, 0, 0, 0, 10, 100, 1, 0, 0, 0, 0, 0, 0, 0, 0, 0, 0, 0, 0, 0, 0, 0, 0, 0, '', 0, '00000\0\0', 0, 0, '2014-08-30', 15, 0, 0, 0, 0, 0, 0, 0, '', '0,0,0,0,0,0', 0, 0, 0, 0, 0, 0, 0, 0, '', 0, 0, 0, 0, '', 0, 0, '5.34.106.248', 0, 0, 1, 0, 0, 0, 0, 0, 0, 0, 0, 0, 0, 0, 0, 0, 0, 0, 0, 0, 0),
(199, 'Castiel_Scaletta', '25D55AD283AA400AF464C76D713C07AD', 0, 'kakak@gmail.ro', '91.217.58.44', 0, 0, 0, 0, 1, 79, 1, 20, 1, 137, 0, 100, 0, 0, 0, 0, 0, 0, 0, 10, 100, 1, 0, 0, 0, 0, 0, 0, 0, 0, 0, 0, 0, 0, 0, 0, 0, 0, 0, '', 0, '00000\0\0', 0, 0, '2014-08-30', 15, 0, 0, 0, 0, 0, 0, 0, '', '0,0,0,0,0,0', 0, 0, 0, 0, 0, 0, 0, 0, '', 0, 0, 0, 0, '', 0, 0, '91.217.58.44', 0, 0, 1, 0, 0, 0, 0, 0, 0, 0, 0, 0, 0, 0, 0, 0, 0, 0, 0, 0, 0),
(198, 'Theodore_Henderson', 'EB00168B86F2665F610D5984539D40F7', 0, 'eclipseee97@gmail.com', '37.213.207.111', 0, 0, 0, 0, 1, 34, 1, 20, 1, 78, 0, 100, 0, 0, 0, 0, 0, 0, 0, 10, 100, 1, 0, 0, 0, 0, 0, 0, 0, 0, 0, 0, 0, 0, 0, 0, 0, 0, 0, '', 0, '00000\0\0', 0, 0, '2014-08-30', 15, 0, 0, 0, 0, 0, 0, 0, '', '0,0,0,0,0,0', 0, 0, 0, 0, 0, 0, 0, 0, '', 0, 0, 0, 0, '', 0, 0, '37.213.207.111', 0, 0, 1, 0, 0, 0, 0, 0, 0, 0, 0, 0, 0, 0, 0, 0, 0, 0, 0, 0, 0),
(197, 'Federico_Mulas', '500FDA6821424141F00E6101851B32E1', 0, 'old.mulas@mail.ru', '188.253.141.255', 0, 0, 0, 0, 1, 85, 1, 20, 1, 137, 0, 100, 0, 0, 0, 0, 0, 0, 0, 10, 100, 1, 0, 0, 0, 0, 0, 0, 0, 0, 0, 0, 0, 0, 0, 0, 0, 0, 0, '', 0, '00000\0\0', 0, 0, '2014-08-30', 15, 0, 0, 0, 0, 0, 0, 0, '', '0,0,0,0,0,0', 0, 0, 0, 0, 0, 0, 0, 0, '', 0, 0, 0, 0, '', 0, 0, '188.253.141.255', 0, 0, 1, 0, 0, 0, 0, 0, 0, 0, 0, 0, 0, 0, 0, 0, 0, 0, 0, 0, 0),
(196, 'Marshall_Ventura', '6E3B195658A923012CEC8AF78D83CC06', 0, 'aleks.shyba@gmail.com', '78.137.32.106', 0, 0, 0, 0, 1, 64, 1, 20, 1, 78, 0, 100, 0, 0, 0, 0, 0, 0, 0, 10, 100, 1, 0, 0, 0, 0, 0, 0, 0, 0, 0, 0, 0, 0, 0, 0, 0, 0, 0, '', 0, '00000\0\0', 0, 0, '2014-08-30', 15, 0, 0, 0, 0, 0, 0, 0, '', '0,0,0,0,0,0', 0, 0, 0, 0, 0, 0, 0, 0, '', 0, 0, 0, 0, '', 0, 0, '78.137.32.106', 0, 0, 1, 0, 0, 0, 0, 0, 0, 0, 0, 0, 0, 0, 0, 0, 0, 0, 0, 0, 0),
(219, 'Vic_Donati', 'E35CF7B66449DF565F93C607D5A81D09', 0, 'egorov.kanibal@yandex.r', '95.190.254.61', 0, 0, 0, 0, 1, 112, 1, 20, 1, 78, 0, 100, 0, 0, 0, 0, 0, 0, 0, 10, 100, 1, 0, 0, 0, 0, 0, 0, 0, 0, 0, 0, 0, 0, 0, 0, 0, 0, 0, '', 0, '00000\0\0', 0, 0, '2014-08-30', 15, 0, 0, 0, 0, 0, 0, 0, '', '0,0,0,0,0,0', 0, 0, 0, 0, 0, 0, 0, 0, '', 0, 0, 0, 0, '', 0, 0, '95.190.254.61', 0, 0, 1, 0, 0, 0, 0, 0, 0, 0, 0, 0, 0, 0, 0, 0, 0, 0, 0, 0, 0),
(195, 'Archibald_Phelps', '56F78D47A2E4F767C563793FCA844175', 0, 'tupak.kopa@mail.ru', '178.207.151.118', 0, 0, 0, 0, 1, 22, 1, 20, 1, 78, 0, 100, 0, 0, 0, 0, 0, 0, 0, 10, 100, 1, 0, 0, 0, 0, 0, 0, 0, 0, 0, 0, 0, 0, 0, 0, 0, 0, 0, '', 0, '00000\0\0', 0, 0, '2014-08-30', 15, 0, 0, 0, 0, 0, 0, 0, '', '0,0,0,0,0,0', 0, 0, 0, 0, 0, 0, 0, 0, '', 0, 0, 0, 0, '', 0, 0, '178.207.151.118', 0, 0, 1, 0, 0, 0, 0, 0, 0, 0, 0, 0, 0, 0, 0, 0, 0, 0, 0, 0, 0),
(194, 'Charley_Nuestra', '8CA66BB49B9B327069FE134E9978D6FD', 0, 'dexter.jonsee1@mail.ru', '178.120.170.29', 0, 0, 0, 0, 1, 26, 1, 20, 1, 137, 0, 100, 0, 0, 0, 0, 0, 0, 0, 10, 100, 1, 0, 0, 0, 0, 0, 0, 0, 0, 0, 0, 0, 0, 0, 0, 0, 0, 0, '', 0, '00000\0\0', 0, 0, '2014-08-30', 15, 0, 0, 0, 0, 0, 0, 0, '', '0,0,0,0,0,0', 0, 0, 0, 0, 0, 0, 0, 0, '', 0, 0, 0, 0, '', 0, 0, '178.120.170.29', 0, 0, 1, 0, 0, 0, 0, 0, 0, 0, 0, 0, 0, 0, 0, 0, 0, 0, 0, 0, 0),
(193, 'Denis_Roxel', '4297F44B13955235245B2497399D7A93', 0, 'aefwe@yandex.ru', '94.241.36.242', 0, 0, 0, 0, 1, 0, 1, 20, 1, 78, 0, 100, 0, 0, 0, 0, 0, 0, 0, 10, 100, 1, 0, 0, 0, 0, 0, 0, 0, 0, 0, 0, 0, 0, 0, 0, 0, 0, 0, '', 0, '00000\0\0', 0, 0, '2014-08-30', 15, 0, 0, 0, 0, 0, 0, 0, '', '0,0,0,0,0,0', 0, 0, 0, 0, 0, 0, 0, 0, '', 0, 0, 0, 0, '', 0, 0, '94.241.36.242', 0, 0, 1, 0, 0, 0, 0, 0, 0, 0, 0, 0, 0, 0, 0, 0, 0, 0, 0, 0, 0),
(192, 'Magnus_Leonard', '25D3AFE5F60EF13EE6F84441CCEC4D88', 0, 'tm_x@mail.ru', '109.229.186.144', 0, 0, 0, 0, 1, 0, 1, 20, 1, 136, 0, 100, 0, 0, 0, 0, 0, 0, 0, 10, 100, 1, 0, 0, 0, 0, 0, 0, 0, 0, 0, 0, 0, 0, 0, 0, 0, 0, 0, '', 0, '00000\0\0', 0, 0, '2014-08-30', 15, 0, 0, 0, 0, 0, 0, 0, '', '0,0,0,0,0,0', 0, 0, 0, 0, 0, 0, 0, 0, '', 0, 0, 0, 0, '', 0, 0, '109.229.186.144', 0, 0, 1, 0, 0, 0, 0, 0, 0, 0, 0, 0, 0, 0, 0, 0, 0, 0, 0, 0, 0),
(191, 'Kid_Binned', '5AA9D57D321A4BCF08DFB5A82FFF892C', 0, '212romahka@ukr.net', '195.250.47.16', 0, 0, 0, 0, 1, 0, 1, 20, 1, 78, 0, 100, 0, 0, 0, 0, 0, 0, 0, 10, 100, 1, 0, 0, 0, 0, 0, 0, 0, 0, 0, 0, 0, 0, 0, 0, 0, 0, 0, '', 0, '00000\0\0', 0, 0, '2014-08-30', 15, 0, 0, 0, 0, 0, 0, 0, '', '0,0,0,0,0,0', 0, 0, 0, 0, 0, 0, 0, 0, '', 0, 0, 0, 0, '', 0, 0, '195.250.47.16', 0, 0, 1, 0, 0, 0, 0, 0, 0, 0, 0, 0, 0, 0, 0, 0, 0, 0, 0, 0, 0),
(190, 'Matthew_Farrero', '115CCA622387C80AEDBD66B079369A02', 0, 'zhuravlyov-kirill@mail.', '178.172.157.108', 0, 0, 0, 0, 1, 120, 1, 20, 1, 78, 0, 100, 0, 0, 0, 0, 0, 0, 0, 10, 100, 1, 0, 0, 0, 0, 0, 0, 0, 0, 0, 0, 0, 0, 0, 0, 0, 0, 0, '', 0, '00000\0\0', 0, 0, '2014-08-30', 15, 0, 0, 0, 0, 0, 0, 0, '', '0,0,0,0,0,0', 0, 0, 0, 0, 0, 0, 0, 0, '', 0, 0, 0, 0, '', 0, 0, '178.172.157.108', 0, 0, 1, 0, 0, 0, 0, 0, 0, 0, 0, 0, 0, 0, 0, 0, 0, 0, 0, 0, 0),
(188, 'Ruslan_Muratbaev', '5E7CFE03779C50674D2C43A990894D78', 0, 'muratbaev.1998@mail.ru', '5.63.72.32', 0, 0, 0, 0, 1, 0, 1, 20, 1, 137, 0, 100, 0, 0, 0, 0, 0, 0, 0, 10, 100, 1, 0, 0, 0, 0, 0, 0, 0, 0, 0, 0, 0, 0, 0, 0, 0, 0, 0, '', 0, '00000\0\0', 0, 0, '2014-08-30', 15, 0, 0, 0, 0, 0, 0, 0, '', '0,0,0,0,0,0', 0, 0, 0, 0, 0, 0, 0, 0, '', 0, 0, 0, 0, '', 0, 0, '5.63.72.32', 0, 0, 1, 0, 0, 0, 0, 0, 0, 0, 0, 0, 0, 0, 0, 0, 0, 0, 0, 0, 0),
(187, 'Nick_Jeezy', '092733BD6429BCDE380733C2FB83FB18', 0, 'cames009@mail.ru', '95.28.236.157', 0, 0, 0, 0, 1, 32, 1, 20, 1, 78, 0, 100, 0, 0, 0, 0, 0, 0, 0, 10, 100, 1, 0, 0, 0, 0, 0, 0, 0, 0, 0, 0, 0, 0, 0, 0, 0, 0, 0, '', 0, '00000\0\0', 0, 0, '2014-08-30', 15, 0, 0, 0, 0, 0, 0, 0, '', '0,0,0,0,0,0', 0, 0, 0, 0, 0, 0, 0, 0, '', 0, 0, 0, 0, '', 0, 0, '95.28.236.157', 0, 0, 1, 0, 0, 0, 0, 0, 0, 0, 0, 0, 0, 0, 0, 0, 0, 0, 0, 0, 0),
(186, 'Eddie_Cassidy', '0F195EBB9ECD91C09323BFA42B49E02B', 0, 'eddie.cassidy@mail.ru', '37.54.178.238', 0, 0, 0, 0, 1, 0, 1, 20, 1, 78, 0, 100, 0, 0, 0, 0, 0, 0, 0, 10, 100, 1, 0, 0, 0, 0, 0, 0, 0, 0, 0, 0, 0, 0, 0, 0, 0, 0, 0, '', 0, '00000\0\0', 0, 0, '2014-08-30', 15, 0, 0, 0, 0, 0, 0, 0, '', '0,0,0,0,0,0', 0, 0, 0, 0, 0, 0, 0, 0, '', 0, 0, 0, 0, '', 0, 0, '37.54.178.238', 0, 0, 1, 0, 0, 0, 0, 0, 0, 0, 0, 0, 0, 0, 0, 0, 0, 0, 0, 0, 0),
(185, 'Alex_Sanchezy', 'B45190339B0AE2BF60A3C4BA0B777DDF', 0, 'vlad_ribin123@mail.ru', '194.28.16.21', 0, 0, 0, 0, 1, 0, 1, 20, 1, 78, 0, 100, 0, 0, 0, 0, 0, 0, 0, 10, 100, 1, 0, 0, 0, 0, 0, 0, 0, 0, 0, 0, 0, 0, 0, 0, 0, 0, 0, '', 0, '00000\0\0', 0, 0, '2014-08-30', 15, 0, 0, 0, 0, 0, 0, 0, '', '0,0,0,0,0,0', 0, 0, 0, 0, 0, 0, 0, 0, '', 0, 0, 0, 0, '', 0, 0, '194.28.16.21', 0, 0, 1, 0, 0, 0, 0, 0, 0, 0, 0, 0, 0, 0, 0, 0, 0, 0, 0, 0, 0),
(184, 'Theodore_Kellerman', '54A7CB5FA4DE8BDDE7923EFE4ACB3A30', 0, 'ruslan.baldin@mail.ru', '46.237.45.172', 0, 0, 0, 0, 1, 0, 1, 20, 1, 78, 0, 100, 0, 0, 0, 0, 0, 0, 0, 10, 100, 1, 0, 0, 0, 0, 0, 0, 0, 0, 0, 0, 0, 0, 0, 0, 0, 0, 0, '', 0, '00000\0\0', 0, 0, '2014-08-30', 15, 0, 0, 0, 0, 0, 0, 0, '', '0,0,0,0,0,0', 0, 0, 0, 0, 0, 0, 0, 0, '', 0, 0, 0, 0, '', 0, 0, '46.237.45.172', 0, 0, 1, 0, 0, 0, 0, 0, 0, 0, 0, 0, 0, 0, 0, 0, 0, 0, 0, 0, 0),
(183, 'Ivan_Harlamov', 'B14D5E97A85F6CE6D334A47187DA9DFB', 0, 'moskov_killer@mail.ru', '37.218.154.140', 0, 0, 0, 0, 1, 34, 1, 20, 1, 137, 0, 100, 0, 0, 0, 0, 0, 0, 0, 10, 100, 1, 0, 0, 0, 0, 0, 0, 0, 0, 0, 0, 0, 0, 0, 0, 0, 0, 0, '', 0, '00000\0\0', 0, 0, '2014-08-30', 15, 0, 0, 0, 0, 0, 0, 0, '', '0,0,0,0,0,0', 0, 0, 0, 0, 0, 0, 0, 0, '', 0, 0, 0, 0, '', 0, 0, '37.218.154.140', 0, 0, 1, 0, 0, 0, 0, 0, 0, 0, 0, 0, 0, 0, 0, 0, 0, 0, 0, 0, 0),
(182, 'Alvaro_Pereira', 'C8837B23FF8AAA8A2DDE915473CE0991', 0, 'dop.op@yandex.ru', '81.13.45.118', 0, 0, 0, 0, 1, 101, 1, 20, 1, 78, 0, 100, 0, 0, 0, 0, 0, 0, 0, 10, 100, 1, 0, 0, 0, 0, 0, 0, 0, 0, 0, 0, 0, 0, 0, 0, 0, 0, 0, '', 0, '00000\0\0', 0, 0, '2014-08-30', 15, 0, 0, 0, 0, 0, 0, 0, '', '0,0,0,0,0,0', 0, 0, 0, 0, 0, 0, 0, 0, '', 0, 0, 0, 0, '', 0, 0, '81.13.45.118', 0, 0, 1, 0, 0, 0, 0, 0, 0, 0, 0, 0, 0, 0, 0, 0, 0, 0, 0, 0, 0),
(181, 'John_Sucre', '3AB88FC2B8530F051342CD0E0690EDF8', 0, 'bogdanchik10@gmail.com', '77.121.97.98', 0, 0, 0, 0, 1, 70, 1, 20, 1, 79, 0, 100, 0, 0, 0, 0, 0, 0, 0, 10, 100, 1, 0, 0, 0, 0, 0, 0, 0, 0, 0, 0, 0, 0, 0, 0, 0, 0, 0, '', 0, '00000\0\0', 0, 0, '2014-08-30', 15, 0, 0, 0, 0, 0, 0, 0, '', '0,0,0,0,0,0', 0, 0, 0, 0, 0, 0, 0, 0, '', 0, 0, 0, 0, '', 0, 0, '77.121.97.98', 0, 0, 1, 0, 0, 0, 0, 0, 0, 0, 0, 0, 0, 0, 0, 0, 0, 0, 0, 0, 0),
(180, 'Cosmo_King', 'F4A537D29428749D5FFFCBD1AF387E92', 0, 'juste44@yandex.ru', '91.201.225.192', 0, 0, 0, 0, 1, 45, 1, 20, 1, 78, 0, 100, 0, 0, 0, 0, 0, 0, 0, 65, 100, 1, 0, 0, 0, 0, 0, 0, 0, 0, 0, 0, 0, 0, 0, 0, 0, 0, 0, '', 0, '00000\0\0', 0, 0, '2014-08-30', 15, 0, 0, 0, 0, 0, 0, 0, '', '0,0,0,0,0,0', 0, 0, 0, 0, 0, 0, 0, 0, '', 0, 0, 0, 0, '', 0, 0, '91.201.225.192', 0, 0, 1, 0, 0, 0, 0, 0, 0, 0, 0, 0, 0, 0, 0, 0, 0, 0, 0, 0, 0),
(179, 'Tobbi_Respach', '417B577E20A75623B02A977381EAE6F5', 0, 'blackcoops@mail.ru', '178.187.84.100', 0, 0, 0, 0, 1, 0, 1, 20, 1, 78, 0, 100, 0, 0, 0, 0, 0, 0, 0, 10, 100, 1, 0, 0, 0, 0, 0, 0, 0, 0, 0, 0, 0, 0, 0, 0, 0, 0, 0, '', 0, '00000\0\0', 0, 0, '2014-08-30', 15, 0, 0, 0, 0, 0, 0, 0, '', '0,0,0,0,0,0', 0, 0, 0, 0, 0, 0, 0, 0, '', 0, 0, 0, 0, '', 0, 0, '178.187.84.100', 0, 0, 1, 0, 0, 0, 0, 0, 0, 0, 0, 0, 0, 0, 0, 0, 0, 0, 0, 0, 0),
(178, 'Alex_Jugs', 'AEC60231D83FE6CF81444BC536596887', 0, 'reg_32rus@mail.ru', '213.155.213.120', 0, 0, 0, 0, 1, 0, 1, 20, 1, 0, 0, 100, 0, 0, 0, 0, 0, 0, 0, 10, 100, 1, 0, 0, 0, 0, 0, 0, 0, 0, 0, 0, 0, 0, 0, 0, 0, 0, 0, '', 0, '00000\0\0', 0, 0, '2014-08-30', 15, 0, 0, 0, 0, 0, 0, 0, '', '0,0,0,0,0,0', 0, 0, 0, 0, 0, 0, 0, 0, '', 0, 0, 0, 0, '', 0, 0, '213.155.213.120', 0, 0, 1, 0, 0, 0, 0, 0, 0, 0, 0, 0, 0, 0, 0, 0, 0, 0, 0, 0, 0),
(177, 'Marcus_Alloyo', '591F907B5D5752775F139396D0C1399E', 0, 'karimovkemerovo@gmail.c', '213.87.122.192', 0, 0, 0, 0, 1, 0, 1, 20, 1, 0, 0, 100, 0, 0, 0, 0, 0, 0, 0, 10, 100, 1, 0, 0, 0, 0, 0, 0, 0, 0, 0, 0, 0, 0, 0, 0, 0, 0, 0, '', 0, '00000\0\0', 0, 0, '2014-08-30', 15, 0, 0, 0, 0, 0, 0, 0, '', '0,0,0,0,0,0', 0, 0, 0, 0, 0, 0, 0, 0, '', 0, 0, 0, 0, '', 0, 0, '213.87.122.192', 0, 0, 1, 0, 0, 0, 0, 0, 0, 0, 0, 0, 0, 0, 0, 0, 0, 0, 0, 0, 0),
(176, 'Dinar_Galimov', 'A51377B568EAA8F7FEDEE3EC7A0685D7', 0, 'ska45-ok@yandex.ru', '46.39.21.26', 0, 0, 0, 0, 1, 0, 1, 20, 1, 78, 0, 100, 0, 0, 0, 0, 0, 0, 0, 10, 100, 1, 0, 0, 0, 0, 0, 0, 0, 0, 0, 0, 0, 0, 0, 0, 0, 0, 0, '', 0, '00000\0\0', 0, 0, '2014-08-30', 15, 0, 0, 0, 0, 0, 0, 0, '', '0,0,0,0,0,0', 0, 0, 0, 0, 0, 0, 0, 0, '', 0, 0, 0, 0, '', 0, 0, '46.39.21.26', 0, 0, 1, 0, 0, 0, 0, 0, 0, 0, 0, 0, 0, 0, 0, 0, 0, 0, 0, 0, 0),
(175, 'Enrique_Padre', '0496D7D02267243EC361644236D93613', 0, 'krilll@tut.by', '178.172.155.54', 0, 0, 0, 0, 1, 0, 1, 20, 1, 78, 0, 100, 0, 0, 0, 0, 0, 0, 0, 10, 100, 1, 0, 0, 0, 0, 0, 0, 0, 0, 0, 0, 0, 0, 0, 0, 0, 0, 0, '', 0, '00000\0\0', 0, 0, '2014-08-30', 15, 0, 0, 0, 0, 0, 0, 0, '', '0,0,0,0,0,0', 0, 0, 0, 0, 0, 0, 0, 0, '', 0, 0, 0, 0, '', 0, 0, '178.172.155.54', 0, 0, 1, 0, 0, 0, 0, 0, 0, 0, 0, 0, 0, 0, 0, 0, 0, 0, 0, 0, 0),
(174, 'Thomas_Holmes', 'FF5A9C4E6154CDEBDEDD2A3A705F8DF1', 0, 'ds@bk.ru', '91.123.159.250', 0, 0, 0, 0, 1, 88, 1, 20, 1, 78, 0, 100, 0, 0, 0, 0, 0, 0, 0, 10, 100, 1, 0, 0, 0, 0, 0, 0, 0, 0, 0, 0, 0, 0, 0, 0, 0, 0, 0, '', 0, '00000\0\0', 0, 0, '2014-08-30', 15, 0, 0, 0, 0, 0, 0, 0, '', '0,0,0,0,0,0', 0, 0, 0, 0, 0, 0, 0, 0, '', 0, 0, 0, 0, '', 0, 0, '91.123.159.250', 0, 0, 1, 0, 0, 0, 0, 0, 0, 0, 0, 0, 0, 0, 0, 0, 0, 0, 0, 0, 0),
(173, 'Dominic_Palmer', 'BED9D02B4E46A9AD0F9BF5E5068F6EFF', 0, 'xdoomx@i.ua', '178.150.13.134', 0, 0, 0, 0, 1, 0, 1, 20, 1, 78, 0, 100, 0, 0, 0, 0, 0, 0, 0, 10, 100, 1, 0, 0, 0, 0, 0, 0, 0, 0, 0, 0, 0, 0, 0, 0, 0, 0, 0, '', 0, '00000\0\0', 0, 0, '2014-08-30', 15, 0, 0, 0, 0, 0, 0, 0, '', '0,0,0,0,0,0', 0, 0, 0, 0, 0, 0, 0, 0, '', 0, 0, 0, 0, '', 0, 0, '178.150.13.134', 0, 0, 1, 0, 0, 0, 0, 0, 0, 0, 0, 0, 0, 0, 0, 0, 0, 0, 0, 0, 0),
(172, 'Dimka_Bait', 'E2911218E2B85AF9AE69295A4DF365B5', 0, '3bdima@mail.ru', '93.79.254.207', 0, 0, 0, 0, 1, 69, 1, 20, 1, 78, 0, 100, 0, 0, 0, 0, 0, 0, 0, 10, 100, 1, 0, 0, 0, 0, 0, 0, 0, 0, 0, 0, 0, 0, 0, 0, 0, 0, 0, '', 0, '00000\0\0', 0, 0, '2014-08-30', 15, 0, 0, 0, 0, 0, 0, 0, '', '0,0,0,0,0,0', 0, 0, 0, 0, 0, 0, 0, 0, '', 0, 0, 0, 0, '', 0, 0, '93.79.254.207', 0, 0, 1, 0, 0, 0, 0, 0, 0, 0, 0, 0, 0, 0, 0, 0, 0, 0, 0, 0, 0),
(189, 'Nikko_Padre', '93279E3308BDBBEED946FC965017F67A', 0, 'may_a@tut.by', '86.57.191.77', 0, 0, 0, 0, 1, 0, 1, 20, 1, 78, 0, 100, 0, 0, 0, 0, 0, 0, 0, 10, 100, 1, 0, 0, 0, 0, 0, 0, 0, 0, 0, 0, 0, 0, 0, 0, 0, 0, 0, '', 0, '00000\0\0', 0, 0, '2014-08-30', 15, 0, 0, 0, 0, 0, 0, 0, '', '0,0,0,0,0,0', 0, 0, 0, 0, 0, 0, 0, 0, '', 0, 0, 0, 0, '', 0, 0, '86.57.191.77', 0, 0, 1, 0, 0, 0, 0, 0, 0, 0, 0, 0, 0, 0, 0, 0, 0, 0, 0, 0, 0),
(171, 'Larry_Devilson', '66713B296568D9DD2726C28CCDE51F5E', 0, 'mrgoldman78@gmail.con', '176.50.3.214', 0, 0, 0, 0, 1, 0, 1, 20, 1, 78, 0, 100, 0, 0, 0, 0, 0, 0, 0, 10, 100, 1, 0, 0, 0, 0, 0, 0, 0, 0, 0, 0, 0, 0, 0, 0, 0, 0, 0, '', 0, '00000\0\0', 0, 0, '2014-08-30', 15, 0, 0, 0, 0, 0, 0, 0, '', '0,0,0,0,0,0', 0, 0, 0, 0, 0, 0, 0, 0, '', 0, 0, 0, 0, '', 0, 0, '176.50.3.214', 0, 0, 1, 0, 0, 0, 0, 0, 0, 0, 0, 0, 0, 0, 0, 0, 0, 0, 0, 0, 0),
(170, 'Caesar_Sweet', '29C90756563D150CDC5B4DC42C392677', 0, 'q_nice@mail.ru', '31.180.152.118', 0, 0, 0, 0, 1, 0, 1, 20, 1, 137, 0, 100, 0, 0, 0, 0, 0, 0, 0, 10, 100, 1, 0, 0, 0, 0, 0, 0, 0, 0, 0, 0, 0, 0, 0, 0, 0, 0, 0, '', 0, '00000\0\0', 0, 0, '2014-08-30', 15, 0, 0, 0, 0, 0, 0, 0, '', '0,0,0,0,0,0', 0, 0, 0, 0, 0, 0, 0, 0, '', 0, 0, 0, 0, '', 0, 0, '31.180.152.118', 0, 0, 1, 0, 0, 0, 0, 0, 0, 0, 0, 0, 0, 0, 0, 0, 0, 0, 0, 0, 0),
(169, 'Dmitry_Diss', 'F6848E582D7D29EB81A946794BF91242', 0, 'lifenyx@mail.ru', '217.118.95.77', 0, 0, 0, 0, 1, 79, 1, 20, 1, 136, 0, 100, 0, 0, 0, 0, 0, 0, 0, 10, 100, 1, 0, 0, 0, 0, 0, 0, 0, 0, 0, 0, 0, 0, 0, 0, 0, 0, 0, '', 0, '00000\0\0', 0, 0, '2014-08-30', 15, 0, 0, 0, 0, 0, 0, 0, '', '0,0,0,0,0,0', 0, 0, 0, 0, 0, 0, 0, 0, '', 0, 0, 0, 0, '', 0, 0, '217.118.95.77', 0, 0, 1, 0, 0, 0, 0, 0, 0, 0, 0, 0, 0, 0, 0, 0, 0, 0, 0, 0, 0),
(168, 'Yankee_Allison', '76B2CB02000275CC6AF3B55E2C703E7E', 0, 'angelqwe123@mail.ru', '89.151.189.98', 0, 0, 0, 0, 1, 0, 1, 20, 1, 200, 0, 100, 0, 0, 0, 0, 0, 0, 0, 10, 100, 1, 0, 0, 0, 0, 0, 0, 0, 0, 0, 0, 0, 0, 0, 0, 0, 0, 0, '', 0, '00000\0\0', 0, 0, '2014-08-30', 15, 0, 0, 0, 0, 0, 0, 0, '', '0,0,0,0,0,0', 0, 0, 0, 0, 0, 0, 0, 0, '', 0, 0, 0, 0, '', 0, 0, '89.151.189.98', 0, 0, 1, 0, 0, 0, 0, 0, 0, 0, 0, 0, 0, 0, 0, 0, 0, 0, 0, 0, 0),
(167, 'Alex_Morino', '7C6F9BB459D2945D8E9D12BD0E6CBE41', 0, 'oleksiy98st@gmail.com', '92.52.128.23', 0, 0, 0, 0, 1, 127, 1, 20, 1, 78, 0, 100, 0, 0, 0, 0, 0, 0, 0, 10, 100, 1, 0, 0, 0, 0, 0, 0, 0, 0, 0, 0, 0, 0, 0, 0, 0, 0, 0, '', 0, '00000\0\0', 0, 0, '2014-08-30', 15, 0, 0, 0, 0, 0, 0, 0, '', '0,0,0,0,0,0', 0, 0, 0, 0, 0, 0, 0, 0, '', 0, 0, 0, 0, '', 0, 0, '92.52.128.23', 0, 0, 1, 0, 0, 0, 0, 0, 0, 0, 0, 0, 0, 0, 0, 0, 0, 0, 0, 0, 0),
(166, 'Rodrigo_Mendes', 'D0970714757783E6CF17B26FB8E2298F', 0, 'r.mendes13337@mail.ru', '46.48.67.10', 0, 0, 0, 0, 1, 0, 1, 20, 1, 78, 0, 100, 0, 0, 0, 0, 0, 0, 0, 10, 100, 1, 0, 0, 0, 0, 0, 0, 0, 0, 0, 0, 0, 0, 0, 0, 0, 0, 0, '', 0, '00000\0\0', 0, 0, '2014-08-30', 15, 0, 0, 0, 0, 0, 0, 0, '', '0,0,0,0,0,0', 0, 0, 0, 0, 0, 0, 0, 0, '', 0, 0, 0, 0, '', 0, 0, '46.48.67.10', 0, 0, 1, 0, 0, 0, 0, 0, 0, 0, 0, 0, 0, 0, 0, 0, 0, 0, 0, 0, 0),
(165, 'Sean_Allison', 'E21C274DCDDEC88D71FC22773BD16E6B', 0, 'zanoj@inbox.ru', '178.213.212.144', 0, 0, 0, 0, 1, 52, 1, 20, 1, 137, 0, 100, 0, 0, 0, 0, 0, 0, 0, 10, 100, 1, 0, 0, 0, 0, 0, 0, 0, 0, 0, 0, 0, 0, 0, 0, 0, 0, 0, '', 0, '00000\0\0', 0, 0, '2014-08-30', 15, 0, 0, 0, 0, 0, 0, 0, '', '0,0,0,0,0,0', 0, 0, 0, 0, 0, 0, 0, 0, '', 0, 0, 0, 0, '', 0, 0, '178.213.212.144', 0, 0, 1, 0, 0, 0, 0, 0, 0, 0, 0, 0, 0, 0, 0, 0, 0, 0, 0, 0, 0),
(164, 'Roberto_Houston', '1F6EB2EBF027873891FAB90EB83823D4', 0, 'mr.budckin@yandex.ur', '92.243.181.198', 0, 0, 0, 0, 1, 36, 1, 20, 1, 78, 0, 100, 0, 0, 0, 0, 0, 0, 0, 10, 100, 1, 0, 0, 0, 0, 0, 0, 0, 0, 0, 0, 0, 0, 0, 0, 0, 0, 0, '', 0, '00000\0\0', 0, 0, '2014-08-30', 15, 0, 0, 0, 0, 0, 0, 0, '', '0,0,0,0,0,0', 0, 0, 0, 0, 0, 0, 0, 0, '', 0, 0, 0, 0, '', 0, 0, '92.243.181.198', 0, 0, 1, 0, 0, 0, 0, 0, 0, 0, 0, 0, 0, 0, 0, 0, 0, 0, 0, 0, 0),
(163, 'Nikolay_Petrov', 'C8837B23FF8AAA8A2DDE915473CE0991', 0, 'sdawd@mail.ru', '217.118.81.12', 0, 0, 0, 0, 1, 0, 1, 20, 1, 200, 0, 100, 0, 0, 0, 0, 0, 0, 0, 10, 100, 1, 0, 0, 0, 0, 0, 0, 0, 0, 0, 0, 0, 0, 0, 0, 0, 0, 0, '', 0, '00000\0\0', 0, 0, '2014-08-30', 15, 0, 0, 0, 0, 0, 0, 0, '', '0,0,0,0,0,0', 0, 0, 0, 0, 0, 0, 0, 0, '', 0, 0, 0, 0, '', 0, 0, '217.118.81.12', 0, 0, 1, 0, 0, 0, 0, 0, 0, 0, 0, 0, 0, 0, 0, 0, 0, 0, 0, 0, 0),
(162, 'Don_Padre', 'C0144928EA371BE17FE7B3EC1B254A18', 0, 'aleksfursa98@mail.ru', '93.85.129.95', 0, 0, 0, 0, 1, 12, 1, 20, 1, 78, 0, 100, 0, 0, 0, 0, 0, 0, 0, 10, 100, 1, 0, 0, 0, 0, 0, 0, 0, 0, 0, 0, 0, 0, 0, 0, 0, 0, 0, '', 0, '00000\0\0', 0, 0, '2014-08-30', 15, 0, 0, 0, 0, 0, 0, 0, '', '0,0,0,0,0,0', 0, 0, 0, 0, 0, 0, 0, 0, '', 0, 0, 0, 0, '', 0, 0, '93.85.129.95', 0, 0, 1, 0, 0, 0, 0, 0, 0, 0, 0, 0, 0, 0, 0, 0, 0, 0, 0, 0, 0),
(161, 'Havier_McDuff', '24BD9E6D90D45738F366A15294D92F97', 0, 'marat.kondratev.96@mail', '95.30.89.29', 0, 0, 0, 0, 1, 41, 1, 20, 1, 79, 0, 100, 0, 0, 0, 0, 0, 0, 0, 10, 100, 1, 0, 0, 0, 0, 0, 0, 0, 0, 0, 0, 0, 0, 0, 0, 0, 0, 0, '', 0, '00000\0\0', 0, 0, '2014-08-30', 15, 0, 0, 0, 0, 0, 0, 0, '', '0,0,0,0,0,0', 0, 0, 0, 0, 0, 0, 0, 0, '', 0, 0, 0, 0, '', 0, 0, '95.30.89.29', 0, 0, 1, 0, 0, 0, 0, 0, 0, 0, 0, 0, 0, 0, 0, 0, 0, 0, 0, 0, 0),
(160, 'Arnold_Slinss', 'E10ADC3949BA59ABBE56E057F20F883E', 0, 'sgyt@mail.ru', '199.188.236.17', 0, 0, 0, 0, 1, 68, 1, 20, 1, 136, 0, 100, 0, 0, 0, 0, 0, 0, 0, 8, 100, 1, 0, 0, 0, 0, 0, 0, 0, 0, 0, 0, 0, 0, 0, 0, 0, 0, 0, '', 0, '00000\0\0', 0, 0, '2014-08-30', 15, 0, 0, 0, 0, 0, 0, 0, '', '0,0,0,0,0,0', 0, 0, 0, 0, 0, 0, 0, 0, '', 0, 0, 0, 0, '', 0, 0, '199.188.236.17', 0, 0, 1, 0, 0, 0, 0, 0, 0, 0, 0, 0, 0, 0, 0, 0, 0, 0, 0, 0, 0),
(159, 'Daddy_Padre', '1952418BFFAAE457BA05D9D21B728049', 0, 'danil.melashuk@mail.ru', '178.72.106.116', 0, 0, 0, 0, 1, 25, 1, 20, 1, 78, 0, 100, 0, 0, 0, 0, 0, 0, 0, 10, 100, 1, 0, 0, 0, 0, 0, 0, 0, 0, 0, 0, 0, 0, 0, 0, 0, 0, 0, '', 0, '00000\0\0', 0, 0, '2014-08-30', 15, 0, 0, 0, 0, 0, 0, 0, '', '0,0,0,0,0,0', 0, 0, 0, 0, 0, 0, 0, 0, '', 0, 0, 0, 0, '', 0, 0, '178.72.106.116', 0, 0, 1, 0, 0, 0, 0, 0, 0, 0, 0, 0, 0, 0, 0, 0, 0, 0, 0, 0, 0);

-- --------------------------------------------------------

--
-- Структура таблицы `ban`
--

CREATE TABLE IF NOT EXISTS `ban` (
  `id` int(8) NOT NULL AUTO_INCREMENT,
  `giveid` int(8) NOT NULL,
  `takeid` int(8) NOT NULL,
  `time` int(7) NOT NULL,
  `reason` varchar(255) COLLATE cp1251_bin NOT NULL,
  `name` varchar(255) COLLATE cp1251_bin NOT NULL,
  `nameadmin` varchar(255) COLLATE cp1251_bin NOT NULL,
  `day` int(11) NOT NULL,
  PRIMARY KEY (`id`)
) ENGINE=InnoDB  DEFAULT CHARSET=cp1251 COLLATE=cp1251_bin AUTO_INCREMENT=9 ;

--
-- Дамп данных таблицы `ban`
--

INSERT INTO `ban` (`id`, `giveid`, `takeid`, `time`, `reason`, `name`, `nameadmin`, `day`) VALUES
(1, 2, 61, 181, 'Позже', 'Adam_West', 'Nik_Compton', 2),
(7, 2, 84, 221, 'до ЗБТ', 'Adam_West', 'Mike_Barrera', 7),
(8, 68, 78, 227, 'на ЗБТ зайдёшь', 'Thomas_Barrera', 'Jonathan_Hoffman', 10);

-- --------------------------------------------------------

--
-- Структура таблицы `bints`
--

CREATE TABLE IF NOT EXISTS `bints` (
  `id` int(4) NOT NULL AUTO_INCREMENT,
  `interior` int(2) NOT NULL,
  `x` float NOT NULL,
  `y` float NOT NULL,
  `z` float NOT NULL,
  `r` float NOT NULL,
  `xb` float NOT NULL,
  `yb` float NOT NULL,
  `zb` float NOT NULL,
  `name` varchar(32) COLLATE cp1251_bin NOT NULL,
  PRIMARY KEY (`id`)
) ENGINE=InnoDB  DEFAULT CHARSET=cp1251 COLLATE=cp1251_bin AUTO_INCREMENT=34 ;

--
-- Дамп данных таблицы `bints`
--

INSERT INTO `bints` (`id`, `interior`, `x`, `y`, `z`, `r`, `xb`, `yb`, `zb`, `name`) VALUES
(1, 3, 1212.11, -25.8792, 1000.95, 180.26, 1207.25, -30.8732, 1000.95, 'Бар 1'),
(2, 2, 1204.89, -13.8464, 1000.92, 356.029, 1216.01, -13.3525, 1000.92, 'Бар 2'),
(3, 18, -229.292, 1401.32, 27.7656, 271.5, -224.782, 1403.8, 27.7734, 'Бар 3'),
(4, 11, 501.784, -67.8887, 998.758, 177.288, 494.407, -76.0353, 998.758, 'Бар 4'),
(5, 3, 207.009, -140.364, 1003.51, 1.7841, 199.202, -128.193, 1003.52, 'СкинШоп 1'),
(6, 5, 227.309, -8.1997, 1002.21, 83.0007, 209.83, -8.2969, 1005.21, 'СкинШоп 2'),
(7, 1, 203.693, -50.6577, 1001.8, 359.44, 209.468, -33.8782, 1001.93, 'СкинШоп 3'),
(8, 18, 161.442, -97.1045, 1001.8, 355.528, 148.453, -74.2944, 1001.8, 'СкинШоп 4'),
(9, 14, 204.207, -168.857, 1000.52, 359.578, 214.911, -156.171, 1000.52, 'СкинШоп 5'),
(10, 5, 772.363, -5.5081, 1000.73, 355.768, 0, 0, 0, 'СпортЗал 1'),
(11, 7, 773.962, -78.8379, 1000.66, 358.978, 0, 0, 0, 'СпортЗал 2'),
(12, 6, 774.074, -50.4669, 1000.59, 356.767, 0, 0, 0, 'СпортЗал 3'),
(13, 17, -26.0453, -187.96, 1003.55, 355.768, -28.3874, -185.142, 1003.55, '24 на 7'),
(14, 3, -2636.59, 1402.48, 906.461, 346.543, -2656.59, 1415.46, 906.273, 'Jizzy Club'),
(15, 17, 493.432, -24.9087, 1000.67, 347.546, 499.966, -18.8853, 1000.67, 'Alhambra Club'),
(16, 6, -2240.78, 137.207, 1035.41, 270, -2236.37, 130.259, 1035.41, 'Zero shop'),
(17, 5, 372.17, -133.238, 1001.49, 0, 375.703, -119.347, 1001.5, 'Pizza'),
(18, 17, 377.047, -193.198, 1000.63, 0, 379.203, -186.597, 1000.63, 'Пончики'),
(19, 10, 362.813, -74.9585, 1001.51, 305.249, 376.225, -67.7165, 1001.52, 'Burger Shot'),
(20, 4, 460.448, -88.543, 999.555, 91.1836, 450.513, -83.6517, 999.555, 'Большая закусочная'),
(21, 9, 365.013, -11.7042, 1001.85, 0, 368.465, -6.3818, 1001.85, 'Cluckin'' Bell'),
(22, 1, -1749.35, -21.3494, 1546.01, 270, -1735.51, -22.1528, 1546.01, 'Автомастерская'),
(23, 15, 207.598, -110.766, 1005.13, 354.666, 218.073, -98.5118, 1005.26, '???????  6'),
(24, 6, 296.737, -111.361, 1001.52, 0.145, 290.194, -106.224, 1001.52, 'Ammunation'),
(25, 1, 2801.11, 915.707, -35.9963, 276.652, 2813.27, 917.267, -35.9963, 'Магазин пиротехники'),
(26, 1, -794.985, 489.283, 1376.2, 1, -786.926, 500.206, 1371.74, 'Ресторан'),
(27, 1, 113.927, 18.6887, 989.086, 359.228, 92.7178, 29.9941, 989.086, 'Конц. зал'),
(28, 10, -978.179, 1053.05, 1344.99, 91.8077, -973.753, 1077.1, 1344.99, 'ДМ арена'),
(29, 1, 16.2469, 31.6866, 1204.85, 181.198, 10.5976, 26.6284, 1204.85, 'Магазин Телефонов'),
(30, 5, 2518.94, -1690.15, 875.546, 88.5637, 2498.7, -1690.24, 875.546, 'Магазин Аксессуаров'),
(31, 5, -205.664, -203.928, 2001.09, 1.2065, -201.887, -185.835, 2001.09, 'Магазин Мебели'),
(32, 5, -228.543, -539.006, 2001.09, 357.397, -224.367, -520.563, 2001.09, 'Магазин Электронники'),
(33, 17, 0.5559, -13.2312, 6001.8, 4.7897, 0.0851, 13.6756, 6001.09, 'Клуб');

-- --------------------------------------------------------

--
-- Структура таблицы `blacklist`
--

CREATE TABLE IF NOT EXISTS `blacklist` (
  `f_id` int(2) NOT NULL,
  `accused` int(11) NOT NULL,
  `accusedn` varchar(32) NOT NULL,
  `date` int(11) NOT NULL,
  `accuser` int(11) NOT NULL,
  `accusern` varchar(32) NOT NULL,
  `reason` varchar(64) NOT NULL,
  `lastvisit` int(11) NOT NULL
) ENGINE=MyISAM DEFAULT CHARSET=utf8;

-- --------------------------------------------------------

--
-- Структура таблицы `business`
--

CREATE TABLE IF NOT EXISTS `business` (
  `id` int(4) NOT NULL AUTO_INCREMENT,
  `name` varchar(64) COLLATE cp1251_bin NOT NULL,
  `type` int(2) NOT NULL,
  `bint` int(2) NOT NULL,
  `ownerid` int(9) NOT NULL,
  `sellprice` int(9) NOT NULL,
  `bank` int(11) NOT NULL,
  `price` int(4) NOT NULL,
  `product` int(7) NOT NULL,
  `status` tinyint(1) NOT NULL,
  `x` float NOT NULL,
  `y` float NOT NULL,
  `z` float NOT NULL,
  `r` float NOT NULL,
  `order` int(8) NOT NULL DEFAULT '0',
  `deliving` int(8) NOT NULL DEFAULT '0',
  `day` int(30) NOT NULL,
  `mafia` int(11) NOT NULL,
  `enter` int(32) NOT NULL,
  `busiLic` int(11) NOT NULL,
  `ticket` int(11) NOT NULL,
  `FBI_Status` int(11) NOT NULL,
  `FBI_Reason` varchar(64) COLLATE cp1251_bin NOT NULL,
  `FBI_Ticket` int(11) NOT NULL,
  PRIMARY KEY (`id`)
) ENGINE=MyISAM  DEFAULT CHARSET=cp1251 COLLATE=cp1251_bin AUTO_INCREMENT=78 ;

--
-- Дамп данных таблицы `business`
--

INSERT INTO `business` (`id`, `name`, `type`, `bint`, `ownerid`, `sellprice`, `bank`, `price`, `product`, `status`, `x`, `y`, `z`, `r`, `order`, `deliving`, `day`, `mafia`, `enter`, `busiLic`, `ticket`, `FBI_Status`, `FBI_Reason`, `FBI_Ticket`) VALUES
(1, 'Cluckin'' Bell', 2, 21, 0, 75000, 314, 6, -312, 1, 2397.97, -1898.81, 13.5469, 0, 0, 0, 4, 0, 0, 0, 0, 1, 'asd', 0),
(2, 'Cluckin'' Bell', 2, 21, 0, 80000, 380, 4, -380, 1, 2420.05, -1508.92, 24, 0, 0, 0, 0, 0, 0, 0, 0, 1, 'dasd', 0),
(3, 'Well Stacked Pizza', 2, 17, 0, 120000, 287, 50, -82, 1, 2104.97, -1806.46, 13.5547, 0, 0, 0, 9, 0, 5, 0, 0, 1, 'fasdasd', 0),
(4, 'Jim''s Sticky Ring', 2, 18, 0, 100000, 4815, 5, -1035, 1, 1038.43, -1339.79, 13.7266, 0, 0, 0, 0, 0, 0, 0, 0, 1, 'fasdasd', 0),
(5, 'Chinese Food', 2, 18, 0, 80000, 200, 50, 580, 1, 1044.49, -1269.53, 13.7769, 0, 0, 0, 0, 0, 5, 0, 0, 1, 'fasdasd', 0),
(6, 'Burger Shot', 2, 19, 0, 100000, 55064, 1, 1066, 1, 1199.31, -918.713, 43.1186, 0, 0, 0, 0, 0, 5, 0, 0, 1, 'fasdasd', 0),
(7, 'Burger Shot', 2, 19, 0, 70000, 452, 80, 1003, 1, 811.694, -1616.34, 13.5469, 0, 0, 0, 0, 0, 0, 0, 0, 1, 'fasdasd', 0),
(8, 'Cluckin'' Bell', 2, 21, 0, 70000, 6174, 75, 2511, 1, 928.21, -1352.99, 13.3438, 0, 0, 0, 0, 0, 0, 0, 0, 1, 'fasdasd', 0),
(9, 'Hobos', 2, 18, 0, 50000, 40, 4, 60, 1, 875.687, -968.495, 37.1875, 0, 0, 0, 18, 0, 0, 0, 0, 1, 'fasdasd', 0),
(10, 'Collin''s', 2, 18, 0, 60000, 106, 3, -6, 1, 1036.69, -944.416, 42.7388, 0, 0, 0, 30, 0, 50, 0, 0, 1, 'fasdasd', 0),
(11, '24/7', 3, 13, 251, 70000, 25325, 1, 3777, 1, 1833.51, -1842.7, 13.5781, 90, 0, 0, 0, 0, 0, 0, 0, 1, 'fasdasd', 0),
(12, '24/7', 3, 13, 0, 70000, 4450, 1, 66, 1, 1315.73, -898.173, 39.5781, 176.626, 0, 0, 24, 0, 0, 0, 0, 1, 'fasdasd', 0),
(13, '24/7', 3, 13, 366, 70000, 791674, 500, 53, 1, 1836.79, -1442.9, 13.5964, 246.973, 11, 0, 2, 0, 0, 0, 0, 1, 'fasdasd', 0),
(14, '24/7', 3, 13, 0, 70000, 470, 30, 87, 1, 1445.11, -1303.14, 13.5469, 267.135, 0, 0, 0, 0, 0, 0, 0, 1, 'fasdasd', 0),
(15, '24/7', 3, 13, 1420, 70000, 2216382, 1, 4549, 1, 1352.3, -1758.49, 13.5078, 356.893, 0, 0, 4, 0, 0, 0, 0, 1, 'fasdasd', 0),
(16, '24/7', 3, 13, 0, 70000, 969, 5, 73, 1, 1582.07, -1170.86, 24.0911, 2.503, 0, 0, 8, 0, 1, 0, 0, 1, 'fasdasd', 0),
(17, '24/7', 3, 13, 0, 70000, 2092035, 5, 4836, 1, 2423.94, -1742.57, 13.5423, 45.8388, 1000, 0, 0, 0, 0, 0, 0, 1, 'fasdasd', 0),
(18, '24/7', 3, 13, 266, 70000, 600, 1, 364, 1, 2001.82, -1761.72, 13.5391, 3.5956, 0, 0, 1, 0, 0, 0, 0, 1, 'fasdasd', 0),
(19, 'Пиротехника', 10, 25, 0, 120000, 0, 300, 100, 1, 1847.85, -1871.63, 13.5781, 89.2579, 0, 0, 27, 0, 0, 0, 0, 1, 'fasdasd', 0),
(20, 'Пиротехника', 10, 25, 1432, 70000, 47296, 500, 5000, 1, 1405.03, -1881.7, 13.5469, 0.110143, 0, 0, 0, 0, 1, 0, 0, 1, 'fasdasd', 0),
(21, 'Пиротехника', 10, 25, 0, 79000, 1145, 2, -261, 1, 2351.78, -1412.22, 23.9924, 87.3174, 0, 0, 0, 0, 0, 0, 0, 1, 'fasdasd', 0),
(22, 'Carniceria', 1, 13, 0, 70000, 0, 2, 0, 1, 2481.3, -1494.71, 24, 183.947, 0, 0, 30, 0, 0, 0, 0, 0, '', 0),
(23, 'Conchito Market', 3, 16, 0, 89000, 21910, 1, 1584, 1, 2751.69, -1438.27, 30.4531, 83.1304, 0, 0, 0, 0, 0, 0, 0, 0, '', 0),
(24, 'MaxMax product''s', 1, 13, 0, 67000, 275, 5, 1045, 1, 2424.42, -1922.32, 13.5469, 128.575, 0, 0, 23, 0, 0, 0, 0, 0, '', 0),
(25, 'Carniceria', 1, 13, 1512, 60000, 0, 5, 5000, 1, 1952.21, -2003.97, 13.5469, 267.075, 0, 0, 0, 0, 5, 0, 0, 0, '', 0),
(26, 'Cluckin''Bell', 2, 21, 0, 120000, 200, 5, -200, 1, -1816.61, 618.465, 35.1719, 176.618, 0, 0, 0, 0, 0, 0, 0, 0, '', 0),
(27, 'Cluckin''Bell', 2, 21, 0, 150000, 16, 2, -16, 1, -2672.23, 258.301, 4.63281, 0.39762, 0, 0, 0, 0, 0, 0, 0, 0, '', 0),
(28, 'Everything Musty go!', 3, 16, 0, 100000, 945, 1, -175, 1, -2510.83, 10.647, 25.7566, 264.967, 0, 0, 0, 0, 0, 0, 0, 0, '', 0),
(29, 'STW', 1, 13, 0, 70000, 0, 2, 0, 1, -2490.55, 29.4121, 25.6172, 33.3193, 0, 0, 0, 0, 0, 0, 0, 0, '', 0),
(30, 'Пиротехника', 10, 25, 0, 200000, 0, 5, 0, 1, -2442.58, 755.017, 35.1719, 183.456, 0, 0, 0, 0, 0, 0, 0, 0, '', 0),
(31, 'Burger Shot', 2, 19, 0, 120000, 0, 5, 0, 1, -2356.04, 1008.09, 50.8984, 86.4504, 0, 0, 0, 0, 0, 0, 0, 0, '', 0),
(32, 'Chack''s', 2, 18, 0, 70000, 22, 3, -30, 1, -2241.15, 80.0599, 35.3203, 141.327, 0, 0, 0, 0, 0, 0, 0, 0, '', 0),
(33, 'Misty''s Products', 1, 13, 0, 60000, 0, 2, 0, 1, -2242.17, -88.1781, 35.3203, 93.2505, 0, 0, 0, 0, 0, 0, 0, 0, '', 0),
(34, 'Burger King', 2, 19, 0, 90000, 120, 3, -120, 1, -2336.74, -166.891, 35.5547, 269.922, 0, 0, 0, 0, 0, 0, 0, 0, '', 0),
(35, 'Pizza Co', 2, 17, 0, 70000, 18, 3, -18, 1, -1721.15, 1359.68, 7.18532, 86.7438, 0, 0, 0, 0, 0, 0, 0, 0, '', 0),
(36, 'Tuff Nut', 2, 18, 0, 90000, 0, 3, 0, 1, -2767.87, 788.831, 52.7812, 267.615, 0, 0, 0, 0, 0, 0, 0, 0, '', 0),
(37, 'NEXT', 2, 18, 0, 70000, 88, 6, -88, 1, -2524.32, 1216.2, 37.6078, 269.488, 0, 0, 3, 0, 0, 0, 0, 0, '', 0),
(38, 'Alhambra', 5, 15, 25, 600000, 0, 200, 4098, 1, 1836.84, -1682.47, 13.331, 90.0605, 0, 0, 9, 0, 0, 0, 0, 0, '', 0),
(39, 'Ten Green Bottles', 4, 4, 0, 170000, 4636, 100, -3636, 1, 2310.04, -1643.51, 14.827, 148.024, 0, 0, 0, 0, 0, 0, 0, 0, '', 0),
(40, 'Liquor', 4, 4, 0, 110000, 0, 4, 0, 1, 2348.63, -1372.68, 24.3984, 182.691, 0, 0, 0, 0, 0, 0, 0, 0, '', 0),
(41, 'Pig Pen', 5, 2, 0, 210000, 285, 6, -221, 1, 2421.59, -1219.47, 25.5471, 177.411, 0, 0, 0, 0, 0, 0, 0, 0, '', 0),
(42, 'Dillimore Sweat', 4, 4, 0, 150000, 10002, 5, -1002, 1, 681.551, -473.576, 16.5363, 183.845, 0, 0, 0, 0, 0, 0, 0, 0, '', 0),
(43, 'Sweet Coast', 5, 15, 0, 150000, 0, 7, 0, 1, 400.942, -1806.23, 7.82812, 4.60096, 0, 0, 0, 0, 0, 0, 0, 0, '', 0),
(44, 'Jizzy', 5, 14, 0, 500000, 44, 7, -44, 1, -2624.79, 1412.72, 7.09375, 189.762, 0, 0, 0, 0, 0, 0, 0, 0, '', 0),
(45, 'Angel Pine ', 4, 3, 0, 110000, 0, 6, 60, 1, -2103.6, -2342.01, 30.6172, 90.1402, 0, 0, 0, 0, 0, 0, 0, 0, '', 0),
(46, 'Road 69 ', 4, 4, 0, 100000, 0, 4, 0, 1, 24.2495, -2646.44, 40.4634, 89.0444, 0, 0, 0, 0, 0, 0, 0, 0, '', 0),
(47, 'Angels ', 4, 3, 0, 100000, 406, 8, -406, 1, 171.999, -201.018, 1.57031, 221.168, 0, 0, 0, 0, 0, 0, 0, 0, '', 0),
(48, 'Product Market', 1, 13, 0, 90000, 0, 4, 100, 1, 2380.52, -1213.62, 27.4223, 91.8431, 0, 0, 0, 0, 0, 0, 0, 0, '', 0),
(49, 'El Gran Bar', 4, 3, 0, 93000, 76, 4, -76, 1, 2359.47, -1312.36, 24.0065, 315.479, 0, 0, 0, 0, 0, 0, 0, 0, '', 0),
(50, 'LS', 8, 22, 0, 500000, 0, 10, 0, 1, 1029.84, -1431.42, 13.5759, 180, 0, 0, 0, 0, 0, 0, 0, 0, '', 0),
(51, 'SF', 8, 22, 0, 500000, 0, 2, 0, 1, -2173.58, 974.169, 80, 270, 0, 0, 0, 0, 0, 0, 0, 0, '', 0),
(52, 'LV', 8, 22, 0, 500000, 0, 2, 0, 1, 1954.64, 2177.22, 10.8203, 194.622, 0, 0, 0, 0, 0, 0, 0, 0, '', 0),
(53, 'Binco', 7, 23, 0, 250000, 800172, 300, 99, 1, 2244.31, -1665.53, 15.4766, 341.08, 0, 0, 0, 0, 50, 1, 0, 0, '', 0),
(54, 'SubUrban', 7, 7, 0, 250000, 0, 10, 100, 1, 2112.85, -1211.47, 23.9629, 178.591, 0, 0, 26, 0, 0, 0, 0, 0, '', 0),
(55, 'ZIP', 7, 8, 0, 500000, 102773, 500, 448, 1, 1456.59, -1137.53, 23.9496, 217.985, 0, 0, 13, 0, 0, 0, 0, 0, '', 0),
(56, 'PROlaps', 7, 5, 0, 250000, 4940, 1, 609, 1, 499.501, -1360.62, 16.3691, 340.358, 0, 0, 30, 0, 10, 0, 0, 0, '', 0),
(57, 'Didier Sachs', 7, 9, 0, 750000, 66636, 5, -2542, 1, 454.184, -1478, 30.8142, 106.077, 0, 0, 0, 0, 0, 1, 0, 0, '', 0),
(58, 'VICTIM', 7, 6, 52, 750000, 140, 250, 1187, 1, 461.662, -1500.84, 31.0462, 96.0301, 0, 0, 4, 0, 10, 0, 1, 1, 'Отсутсвие лицензии', 5000),
(59, 'SubUrban', 7, 7, 0, 250000, 0, 1, 0, 1, -2489.88, -29.1066, 25.6172, 86.405, 0, 0, 0, 0, 0, 0, 0, 0, '', 0),
(60, 'Binco', 7, 23, 0, 250000, 0, 1, 0, 1, -2373.83, 910.019, 45.4453, 86.5928, 0, 0, 0, 0, 0, 0, 0, 0, '', 0),
(61, 'ZIP', 7, 8, 0, 500000, 55, 1, -5, 1, -1882.28, 866.431, 35.1719, 135.401, 0, 0, 0, 0, 0, 0, 0, 0, '', 0),
(62, 'VICTIM', 7, 6, 0, 750000, 0, 3, 0, 1, -1694.55, 951.868, 24.8906, 131.49, 0, 0, 0, 0, 0, 0, 0, 0, '', 0),
(63, 'Binco', 7, 23, 0, 250000, 12385, 5, -1138, 1, 1657.03, 1733.32, 10.8281, 86.6279, 0, 0, 0, 0, 0, 0, 0, 0, '', 0),
(64, 'ZIP', 7, 8, 0, 500000, 0, 3, 0, 1, 2090.52, 2224.7, 11.0234, 178.105, 0, 0, 0, 0, 0, 0, 0, 0, '', 0),
(65, 'Binco', 7, 23, 0, 250000, 116002, 1, -2417, 1, 2101.92, 2257.41, 11.0234, 265.939, 0, 0, 0, 0, 0, 0, 0, 0, '', 0),
(66, 'ZIP', 7, 8, 0, 500000, 15, 500, 4999, 1, 2572.05, 1904.9, 11.0234, 175.914, 0, 0, 0, 0, 3000, 0, 0, 0, '', 0),
(67, 'VICTIM', 7, 6, 0, 750000, 16665, 10, -1666, 1, 2802.96, 2430.65, 11.0625, 135.657, 0, 0, 0, 0, 0, 0, 0, 0, '', 0),
(68, 'SubUrban', 7, 7, 0, 250000, 0, 1, 0, 1, 2779.76, 2453.89, 11.0625, 130.644, 0, 0, 0, 0, 0, 0, 0, 0, '', 0),
(69, 'PROlaps', 7, 5, 0, 250000, 0, 0, 100, 1, 2826.12, 2407.5, 11.0625, 131.271, 0, 0, 28, 0, 0, 0, 0, 0, '', 0),
(70, 'Театр Лос-Сантос', 2, 27, 0, 1100000, 2738, 0, -693, 1, 605.459, -1643.38, 17.3499, 271.584, 0, 0, 1, 0, 0, 0, 0, 0, '', 0),
(71, 'Магазин Телефонов', 13, 29, 1196, 50000, 6180, 100, 4310, 1, 1419.87, -1623.8, 13.5469, 92.1872, 0, 0, 1, 0, 1, 0, 0, 0, '', 0),
(72, 'Rock Club', 4, 15, 0, 250000, 82400, 0, -8500, 1, 816.241, -1386.37, 13.6042, 181.554, 0, 0, 0, 0, 0, 0, 0, 0, '', 0),
(73, '24/7 ', 3, 13, 699, 100000, 48, 60, 4960, 1, 881.523, -1336.02, 13.5469, 3.26591, 0, 0, 0, 0, 1, 0, 0, 0, '', 0),
(74, 'Магазин Аксессуаров ', 14, 30, 0, 50000, 0, 0, 0, 1, 1726.99, -1635.91, 20.2168, 358.262, 0, 0, 0, 0, 0, 0, 0, 0, '', 0),
(75, 'Мабельный магазин', 15, 31, 0, 725000, 0, 0, 0, 1, 1379.32, -1752.99, 14.1406, 274.47, 0, 0, 0, 0, 0, 0, 0, 0, '', 0),
(76, 'Магазин электроники', 16, 32, 0, 650000, 0, 0, 0, 1, 475.863, -1279.51, 16.4826, 214.202, 0, 0, 0, 0, 0, 0, 0, 0, '', 0),
(77, 'Клуб', 5, 33, 0, 12000000, 0, 0, 0, 1, 564.883, -2636.36, 4.21394, 359.486, 0, 0, 0, 0, 0, 0, 0, 0, '', 0);

-- --------------------------------------------------------

--
-- Структура таблицы `capturegang`
--

CREATE TABLE IF NOT EXISTS `capturegang` (
  `gang3` int(11) NOT NULL,
  `gang4` int(11) NOT NULL,
  `gang5` int(11) NOT NULL,
  `gang6` int(11) NOT NULL,
  `gang7` int(11) NOT NULL
) ENGINE=MyISAM DEFAULT CHARSET=cp1251;

--
-- Дамп данных таблицы `capturegang`
--

INSERT INTO `capturegang` (`gang3`, `gang4`, `gang5`, `gang6`, `gang7`) VALUES
(0, 0, 0, 0, 0);

-- --------------------------------------------------------

--
-- Структура таблицы `cars`
--

CREATE TABLE IF NOT EXISTS `cars` (
  `id` int(11) NOT NULL AUTO_INCREMENT,
  `owner` int(8) NOT NULL,
  `model` int(3) NOT NULL,
  `plate` varchar(12) COLLATE cp1251_bin NOT NULL,
  `fuel` float NOT NULL,
  `drived` float NOT NULL,
  `health` float NOT NULL,
  `color1` int(3) NOT NULL,
  `color2` int(3) NOT NULL,
  `tuning` varchar(64) COLLATE cp1251_bin NOT NULL DEFAULT '0|0|0|0|0|0|0|0|0|0|0|0|0',
  `paintjob` int(11) NOT NULL,
  `price` int(11) NOT NULL,
  PRIMARY KEY (`id`)
) ENGINE=InnoDB  DEFAULT CHARSET=cp1251 COLLATE=cp1251_bin AUTO_INCREMENT=296 ;

--
-- Дамп данных таблицы `cars`
--

INSERT INTO `cars` (`id`, `owner`, `model`, `plate`, `fuel`, `drived`, `health`, `color1`, `color2`, `tuning`, `paintjob`, `price`) VALUES
(7, 8, 555, 'GoodCar', 237.62, 0, 1000, 3, 1, '0|0|0|0|0|1010|0|1097|1086|1087|0|0|0|0', 0, 30000),
(13, 8, 555, 'GoodCar', 237.62, 0, 1000, 3, 1, '0|0|0|0|0|1010|0|1097|1086|1087|0|0|0|0', 0, 30000),
(14, 918, 475, 'GoodCar', 50, 0, 1000, 1, 1, '0|0|0|0|0|0|0|0|0|0|0|0|0|0', 0, 20000),
(25, 870, 475, 'GoodCar', 208.3, 0, 1000, 0, 1, '1001|1004|0|0|0|1008|1019|1078|1086|1087|0|0|0|1145', 0, 20000),
(31, 870, 540, 'GoodCar', 208.3, 0, 1000, 0, 1, '1001|1004|0|0|0|1008|1019|1078|1086|1087|0|0|0|1145', 0, 19500),
(35, 876, 559, 'GoodCar', 12.83, 0, 1000, 1, 1, '1158|0|1067|1069|0|1010|1065|1080|1086|0|1160|1159|0|0', 0, 95000),
(106, 1516, 603, 'GoodCar', 237.28, 0, 1000, 0, 126, '1001|0|1006|1007|1024|1010|1018|1082|1086|1087|0|0|0|1145', 0, 170000),
(123, 34, 481, 'GoodCar', 250, 0, 1000, 1, 1, '0|0|0|0|0|0|0|0|0|0|0|0|0|0', 0, 2000),
(127, 34, 481, 'GoodCar', 250, 0, 1000, 1, 1, '0|0|0|0|0|0|0|0|0|0|0|0|0|0', 0, 2000),
(128, 34, 481, 'GoodCar', 250, 0, 1000, 1, 1, '0|0|0|0|0|0|0|0|0|0|0|0|0|0', 0, 2000),
(129, 34, 481, 'GoodCar', 250, 0, 1000, 1, 1, '0|0|0|0|0|0|0|0|0|0|0|0|0|0', 0, 2000),
(130, 34, 481, 'GoodCar', 250, 0, 1000, 1, 1, '0|0|0|0|0|0|0|0|0|0|0|0|0|0', 0, 2000),
(131, 34, 481, 'GoodCar', 250, 0, 1000, 1, 1, '0|0|0|0|0|0|0|0|0|0|0|0|0|0', 0, 2000),
(132, 34, 481, 'GoodCar', 250, 0, 1000, 1, 1, '0|0|0|0|0|0|0|0|0|0|0|0|0|0', 0, 2000),
(150, 1224, 567, 'GoodCar', 250, 0, 1000, 1, 1, '0|0|0|0|0|0|0|0|0|0|0|0|0|0', 0, 150000),
(154, 34, 510, 'GoodCar', 250, 0, 1000, 1, 1, '0|0|0|0|0|0|0|0|0|0|0|0|0|0', 0, 3000),
(157, 1432, 412, 'GoodCar', 250, 0, 1000, 1, 1, '0|0|0|0|0|0|0|0|0|0|0|0|0|0', 0, 100000),
(161, 1119, 506, 'GoodCar', 250, 0, 1000, 79, 1, '0|0|0|0|0|0|0|1074|0|0|0|0|0|0', 0, 140000),
(162, 1425, 567, 'GoodCar', 244.51, 0, 1000, 0, 1, '0|0|0|0|0|1010|0|1085|1086|1087|0|0|0|0', 0, 150000),
(164, 9, 411, 'GoodCar', 34.2, 0, 1000, 79, 1, '0|0|0|0|0|0|0|1074|0|0|0|0|0|0', 0, 500000),
(166, 14, 559, 'GoodCar', 241.64, 0, 1000, 1, 1, '1162|0|1067|1069|0|1010|1065|1081|0|1087|1160|1159|0|0', 0, 95000),
(167, 266, 562, 'GoodCar', 38.09, 0, 1000, 3, 1, '1147|0|1035|1041|0|1010|1037|1074|0|1087|1171|1148|0|0', 0, 69000),
(172, 0, 0, '', 0, 0, 0, 0, 0, '0|0|0|0|0|0|0|0|0|0|0|0|0', 0, 95000),
(220, 1192, 475, 'GoodCar', 250, 0, 1000, 1, 1, '0|0|0|0|0|0|0|0|0|0|0|0|0|0', 0, 14800),
(221, 1420, 522, 'GoodCar', 186.07, 0, 1000, 6, 8, '0|0|0|0|0|1010|0|1078|0|1087|0|0|0|0', 0, 120000),
(222, 1420, 522, 'GoodCar', 186.07, 0, 1000, 6, 8, '0|0|0|0|0|1010|0|1078|0|1087|0|0|0|0', 0, 120000),
(249, 1420, 429, 'GoodCar', 186.07, 0, 1000, 6, 8, '0|0|0|0|0|1010|0|1078|0|1087|0|0|0|0', 0, 110000),
(263, 1425, 429, 'GoodCar', 250, 0, 1000, 1, 1, '0|0|0|0|0|0|0|0|0|0|0|0|0|0', 0, 110000),
(268, 1737, 522, 'GoodCar', 250, 0, 1000, 1, 1, '0|0|0|0|0|0|0|0|0|0|0|0|0|0', 0, 120000),
(269, 31, 411, 'GoodCar', 250, 0, 1000, 1, 1, '0|0|0|0|0|0|0|0|0|0|0|0|0|0', 0, 500000),
(270, 26, 411, 'GoodCar', 250, 0, 1000, 1, 1, '0|0|0|0|0|0|0|0|0|0|0|0|0|0', 0, 500000),
(271, 26, 451, 'GoodCar', 250, 0, 1000, 1, 1, '0|0|0|0|0|0|0|0|0|0|0|0|0|0', 0, 250000),
(273, 25, 451, 'GoodCar', 250, 0, 1000, 1, 1, '0|0|0|0|0|0|0|0|0|0|0|0|0|0', 0, 250000),
(274, 25, 411, 'GoodCar', 250, 0, 1000, 1, 1, '0|0|0|0|0|0|0|0|0|0|0|0|0|0', 0, 500000),
(278, 26, 562, 'GoodCar', 250, 0, 1000, 1, 1, '0|0|0|0|0|0|0|0|0|0|0|0|0|0', 0, 69000),
(279, 22, 451, 'GoodCar', 237.85, 0, 1000, 1, 1, '0|0|0|0|0|1010|0|1085|0|1087|0|0|0|0', 0, 250000),
(280, 23, 411, 'GoodCar', 250, 0, 1000, 1, 1, '0|0|0|0|0|0|0|0|0|0|0|0|0|0', 0, 500000),
(284, 63, 480, 'GoodCar', 239.09, 0, 1000, 0, 1, '0|0|0|0|0|1009|0|1082|0|1087|0|0|0|0', 0, 75000),
(293, 54, 419, 'GoodCar', 250, 0, 1000, 1, 1, '0|0|0|0|0|0|0|0|0|0|0|0|0|0', 0, 27000),
(295, 91, 412, 'GoodCar', 250, 0, 1000, 1, 1, '0|0|0|0|0|0|0|0|0|0|0|0|0|0', 0, 24000);

-- --------------------------------------------------------

--
-- Структура таблицы `changename`
--

CREATE TABLE IF NOT EXISTS `changename` (
  `name` varchar(32) NOT NULL,
  `newname` varchar(32) NOT NULL,
  `reason` text NOT NULL,
  `date` varchar(64) NOT NULL
) ENGINE=MyISAM DEFAULT CHARSET=utf8;

-- --------------------------------------------------------

--
-- Структура таблицы `chatlog`
--

CREATE TABLE IF NOT EXISTS `chatlog` (
  `id` int(7) NOT NULL AUTO_INCREMENT,
  `nickname` varchar(255) NOT NULL,
  `message` varchar(512) NOT NULL,
  `date` datetime NOT NULL,
  PRIMARY KEY (`id`)
) ENGINE=MyISAM  DEFAULT CHARSET=utf8 AUTO_INCREMENT=3 ;

--
-- Дамп данных таблицы `chatlog`
--

INSERT INTO `chatlog` (`id`, `nickname`, `message`, `date`) VALUES
(1, 'Matthew_Perry', 'by YourGame.su', '2013-11-13 20:53:41'),
(2, 'Matthew_Perry', 'by YourGame.su', '2013-11-13 20:53:48');

-- --------------------------------------------------------

--
-- Структура таблицы `customer`
--

CREATE TABLE IF NOT EXISTS `customer` (
  `customer` varchar(255) NOT NULL,
  PRIMARY KEY (`customer`)
) ENGINE=MyISAM DEFAULT CHARSET=cp1251;

-- --------------------------------------------------------

--
-- Структура таблицы `delivery`
--

CREATE TABLE IF NOT EXISTS `delivery` (
  `data` varchar(128) CHARACTER SET cp1251 NOT NULL,
  `id` int(11) NOT NULL AUTO_INCREMENT,
  PRIMARY KEY (`id`)
) ENGINE=InnoDB  DEFAULT CHARSET=cp1251 COLLATE=cp1251_bin AUTO_INCREMENT=16 ;

--
-- Дамп данных таблицы `delivery`
--

INSERT INTO `delivery` (`data`, `id`) VALUES
('0||0|0|0|0|0|0|0|0|0|0|0|0|0|0|0|0', 1),
('0||0|0|0|0|0|0|0|0|0|0|0|0|0|0|0|0', 2),
('0||0|0|0|0|0|0|0|0|0|0|0|0|0|0|0|0', 3),
('0||0|0|0|0|0|0|0|0|0|0|0|0|0|0|0|0', 4),
('0||0|0|0|0|0|0|0|0|0|0|0|0|0|0|0|0', 5),
('0||0|0|0|0|0|0|0|0|0|0|0|0|0|0|0|0', 6),
('0||0|0|0|0|0|0|0|0|0|0|0|0|0|0|0|0', 7),
('0||0|0|0|0|0|0|0|0|0|0|0|0|0|0|0|0', 8),
('0||0|0|0|0|0|0|0|0|0|0|0|0|0|0|0|0', 9),
('0||0|0|0|0|0|0|0|0|0|0|0|0|0|0|0|0', 10),
('0||0|0|0|0|0|0|0|0|0|0|0|0|0|0|0|0', 11),
('0||0|0|0|0|0|0|0|0|0|0|0|0|0|0|0|0', 12),
('0||0|0|0|0|0|0|0|0|0|0|0|0|0|0|0|0', 13),
('0||0|0|0|0|0|0|0|0|0|0|0|0|0|0|0|0', 14),
('0||0|0|0|0|0|0|0|0|0|0|0|0|0|0|0|0', 15);

-- --------------------------------------------------------

--
-- Структура таблицы `dj`
--

CREATE TABLE IF NOT EXISTS `dj` (
  `dID` int(11) NOT NULL,
  `dName` varchar(68) NOT NULL,
  `dTrack` varchar(128) NOT NULL,
  `dTime` int(11) NOT NULL
) ENGINE=MyISAM DEFAULT CHARSET=utf8;

--
-- Дамп данных таблицы `dj`
--

INSERT INTO `dj` (`dID`, `dName`, `dTrack`, `dTime`) VALUES
(0, 'Contiez feat. Treyy G - Trumpsta (Djuro Remix)', 'http://rp-skrilax.ru/track_1.mp3', 0),
(1, 'DeNiS DrozDoV & Slava Inside - dance', 'http://rp-skrilax.ru/track_2.mp3', 0),
(2, 'Unknown - dfm Radio', 'http://rp-skrilax.ru/track_3.mp3', 0),
(3, 'DFM RADIO - Milk & Sugar', 'http://rp-skrilax.ru/track_4.mp3', 0),
(4, 'DJ LEV - FG ELECTRO TRACK 08', 'http://rp-skrilax.ru/track_5.mp3', 0),
(5, 'DJ Mad Mouse - Mad Summer', 'http://rp-skrilax.ru/track_6.mp3', 0),
(6, 'Dj Slon и kat9I - ya ne dam', 'http://rp-skrilax.ru/track_7.mp3', 0),
(7, 'DMC SWAG - MUSIC COLLECTION', 'http://rp-skrilax.ru/track_8.mp3', 0),
(8, 'EL Rico feat. DJ Tulis - Boom Boom', 'http://rp-skrilax.ru/track_9.mp3', 0),
(9, 'Flo Rida - Wistle', 'http://rp-skrilax.ru/track_10.mp3', 0),
(10, 'Radio Record(radio)', 'http://online.radiorecord.ru:8102/club_ogg', 0);

-- --------------------------------------------------------

--
-- Структура таблицы `donate`
--

CREATE TABLE IF NOT EXISTS `donate` (
  `id` int(11) NOT NULL AUTO_INCREMENT,
  `date` datetime NOT NULL DEFAULT '0000-00-00 00:00:00',
  `player_id` int(11) NOT NULL,
  `summ` int(11) NOT NULL,
  `type` int(2) NOT NULL,
  PRIMARY KEY (`id`)
) ENGINE=InnoDB DEFAULT CHARSET=cp1251 COLLATE=cp1251_bin AUTO_INCREMENT=1 ;

-- --------------------------------------------------------

--
-- Структура таблицы `donlog`
--

CREATE TABLE IF NOT EXISTS `donlog` (
  `Nick` varchar(24) NOT NULL,
  `Money` int(33) NOT NULL
) ENGINE=MyISAM DEFAULT CHARSET=utf8;

-- --------------------------------------------------------

--
-- Структура таблицы `fillings`
--

CREATE TABLE IF NOT EXISTS `fillings` (
  `id` int(3) NOT NULL AUTO_INCREMENT,
  `ownerid` int(8) NOT NULL,
  `ownernick` varchar(24) COLLATE cp1251_bin NOT NULL,
  `day` int(32) NOT NULL,
  `price` int(8) NOT NULL,
  `bank` int(8) NOT NULL,
  `working` tinyint(1) NOT NULL,
  `pumps` int(1) NOT NULL,
  `tanks` varchar(64) COLLATE cp1251_bin NOT NULL,
  `fuel` int(11) NOT NULL,
  `fuelprice` int(11) NOT NULL,
  PRIMARY KEY (`id`)
) ENGINE=MyISAM  DEFAULT CHARSET=cp1251 COLLATE=cp1251_bin AUTO_INCREMENT=19 ;

--
-- Дамп данных таблицы `fillings`
--

INSERT INTO `fillings` (`id`, `ownerid`, `ownernick`, `day`, `price`, `bank`, `working`, `pumps`, `tanks`, `fuel`, `fuelprice`) VALUES
(1, 54, 'Ryan_Marrero', 5, 1000000, 867, 0, 1, '3000|1000|1000|1000|1000', 3365, 3),
(2, 22, 'Vlad_Angel', 0, 1000000, 0, 0, 1, '4000|4000|4000|4000|4000', -3871, 3),
(3, 31, 'Diego_Nestro', 0, 800000, 408, 0, 1, '2000|1500|1500|1500|1500', 43505, 3),
(4, 0, '', 0, 800000, 252560, 0, 0, '500|500|500|500|500', -1791, 3),
(5, 0, '', 0, 200000, 1350, 0, 0, '500|500|500|500|500', 500, 3),
(6, 38, 'Nickita_Weezy', 0, 20000, 133856, 0, 0, '500|500|500|500|500', 0, 5),
(7, 0, '', 0, 300000, 63, 0, 0, '500|500|500|500|500', -63, 3),
(8, 0, '', 0, 500000, 10200, 0, 1, '4000|4000|4000|4000|4000', 3998, 3),
(9, 0, '', 28, 350000, 172995, 0, 1, '500|500|500|500|500', 500, 3),
(10, 0, '', 0, 400000, 8245, 0, 1, '1000|1000|1000|1000|1000', 655, 3),
(11, 0, '', 0, 777000, 0, 0, 0, '500|500|500|500|500', -847, 3),
(12, 0, '', 0, 100000, 300, 0, 0, '500|500|500|500|500', 350, 3),
(13, 0, '', 0, 550000, 345, 0, 1, '1500|1500|1500|1500|1500', 150, 3),
(14, 0, '', 11, 100005, 7550, 0, 0, '500|500|500|500|500', -470, 3),
(15, 0, '', 1, 185000, 0, 0, 1, '500|500|500|500|500', 401, 3),
(16, 0, '', 0, 550000, 0, 0, 0, '500|500|500|500|500', -705, 3),
(17, 0, '', 0, 180000, 683, 0, 0, '500|500|500|500|500', -133, 3),
(18, 0, '', 0, 3250000, 1800, 0, 0, '500|500|500|500|500', -300, 3);

-- --------------------------------------------------------

--
-- Структура таблицы `frapsy_donate`
--

CREATE TABLE IF NOT EXISTS `frapsy_donate` (
  `id` int(11) NOT NULL AUTO_INCREMENT,
  `sum` int(11) NOT NULL,
  `email` varchar(64) NOT NULL,
  `code` varchar(32) NOT NULL,
  `status` int(11) NOT NULL,
  `create_time` datetime NOT NULL,
  `active_time` timestamp NOT NULL DEFAULT CURRENT_TIMESTAMP ON UPDATE CURRENT_TIMESTAMP,
  `active_account` varchar(24) NOT NULL,
  PRIMARY KEY (`id`)
) ENGINE=InnoDB  DEFAULT CHARSET=utf8 AUTO_INCREMENT=22 ;

--
-- Дамп данных таблицы `frapsy_donate`
--

INSERT INTO `frapsy_donate` (`id`, `sum`, `email`, `code`, `status`, `create_time`, `active_time`, `active_account`) VALUES
(21, 1550, 'uulink@mail.ru', 'RI0G3B8', 1, '2014-08-21 09:23:53', '2014-08-21 14:23:04', '');

-- --------------------------------------------------------

--
-- Структура таблицы `frapsy_news`
--

CREATE TABLE IF NOT EXISTS `frapsy_news` (
  `id` int(11) NOT NULL AUTO_INCREMENT,
  `author` varchar(24) NOT NULL,
  `create_time` datetime NOT NULL,
  `title` varchar(128) NOT NULL,
  `content` text NOT NULL,
  `status` int(11) NOT NULL,
  PRIMARY KEY (`id`)
) ENGINE=InnoDB  DEFAULT CHARSET=utf8 AUTO_INCREMENT=3 ;

--
-- Дамп данных таблицы `frapsy_news`
--

INSERT INTO `frapsy_news` (`id`, `author`, `create_time`, `title`, `content`, `status`) VALUES
(1, 'Frapsy', '2014-02-08 19:08:50', 'Наш раздел аккаунтов открылся! ', 'Наш раздел аккаунтов открылся! ', 0),
(2, 'John_Sucre', '2014-03-09 23:31:23', '123', '123', 0);

-- --------------------------------------------------------

--
-- Структура таблицы `frapsy_params_fields`
--

CREATE TABLE IF NOT EXISTS `frapsy_params_fields` (
  `table_field_id` int(11) NOT NULL AUTO_INCREMENT,
  `table_id` int(11) NOT NULL,
  `field_name` varchar(64) NOT NULL,
  `alias` varchar(64) NOT NULL,
  `label` varchar(64) NOT NULL,
  `desc` varchar(64) NOT NULL,
  `required` tinyint(1) NOT NULL,
  PRIMARY KEY (`table_field_id`)
) ENGINE=InnoDB  DEFAULT CHARSET=utf8 AUTO_INCREMENT=30 ;

--
-- Дамп данных таблицы `frapsy_params_fields`
--

INSERT INTO `frapsy_params_fields` (`table_field_id`, `table_id`, `field_name`, `alias`, `label`, `desc`, `required`) VALUES
(1, 1, 'id', 'id', 'Уникальный id', 'Уникальный идентификатор', 1),
(2, 1, 'username', 'nickname', 'Ник', 'Никнейм игрока', 1),
(3, 1, 'password', 'password', 'Мой пароль', 'Пароль', 1),
(4, 1, 'admin', 'admin', 'Админка', 'Уровень администрирования (админка)', 1),
(5, 1, 'skin', 'skin', 'Скин игрока', 'Скин игрока', 1),
(6, 1, 'email', 'email', 'E-Mail', 'E-Mail игрока', 1),
(7, 1, 'donate', 'donate', 'Albion Coint', 'Количество донат-очков', 1),
(8, 1, 'cash', 'money', 'Наличные', 'Деньги на руках', 1),
(9, 1, 'bank', 'bank', 'Деньги в банке', 'Деньги в банке', 1),
(10, 1, 'leader', 'fraction', 'Фракция', 'Номер лидерки', 1),
(11, 1, 'myField_11', 'phone', 'Номер телефона', 'Пользовательский параметр - 11', 0),
(12, 1, 'myField_12', 'nickname', 'Машина', 'Пользовательский параметр - 12', 0),
(14, 1, 'myField_14', 'gunamount', 'Количество материалов', 'Пользовательский параметр - 14', 0),
(15, 1, 'myField_15', 'drugs', 'Количество наркотиков', 'Пользовательский параметр - 15', 0),
(16, 1, 'myField_16', 'married', 'Семейное положение', 'Пользовательский параметр - 16', 0),
(17, 1, 'fractionskin', 'fractionskin', 'Фракционный скин игрока', 'Фракционный скин игрока', 1),
(18, 1, 'myField_18', 'house', 'Дом №', 'Пользовательский параметр - 18', 0),
(19, 1, 'myField_19', 'level', 'Ваш уровень', 'Пользовательский параметр - 19', 0),
(20, 1, 'myField_20', 'exp', 'Ваш exp', 'Пользовательский параметр - 20', 0),
(21, 1, 'myField_21', 'wanted', 'Уровень розыска', 'Пользовательский параметр - 21', 0),
(22, 1, 'myField_22', 'jail', 'Вам осталось сидеть (секунд)', 'Пользовательский параметр - 22', 0),
(23, 1, 'myField_23', 'licDrive', 'Права на вождение', 'Пользовательский параметр - 23', 0),
(24, 1, 'myField_24', 'licFly', 'Права на полеты', 'Пользовательский параметр - 24', 0),
(25, 1, 'myField_25', 'licBoat', 'Права на вождение лодки', 'Пользовательский параметр - 25', 0),
(26, 1, 'myField_26', 'licWeap', 'Лицензия на оружие', 'Пользовательский параметр - 26', 0),
(27, 1, 'myField_27', 'warn', 'Количество предупреждений', 'Пользовательский параметр - 27', 0),
(29, 1, 'myField_29', 'sex', 'Пол', 'Пользовательский параметр - 29', 0);

-- --------------------------------------------------------

--
-- Структура таблицы `frapsy_params_tables`
--

CREATE TABLE IF NOT EXISTS `frapsy_params_tables` (
  `id` int(11) NOT NULL AUTO_INCREMENT,
  `table_name` varchar(64) NOT NULL,
  PRIMARY KEY (`id`)
) ENGINE=InnoDB  DEFAULT CHARSET=utf8 AUTO_INCREMENT=2 ;

--
-- Дамп данных таблицы `frapsy_params_tables`
--

INSERT INTO `frapsy_params_tables` (`id`, `table_name`) VALUES
(1, 'accounts');

-- --------------------------------------------------------

--
-- Структура таблицы `fuelorders`
--

CREATE TABLE IF NOT EXISTS `fuelorders` (
  `id` int(32) NOT NULL,
  `value` int(11) NOT NULL
) ENGINE=MyISAM DEFAULT CHARSET=utf8;

--
-- Дамп данных таблицы `fuelorders`
--

INSERT INTO `fuelorders` (`id`, `value`) VALUES
(0, 50),
(15, 1000);

-- --------------------------------------------------------

--
-- Структура таблицы `gangs`
--

CREATE TABLE IF NOT EXISTS `gangs` (
  `id` int(5) NOT NULL AUTO_INCREMENT,
  `ranks` varchar(255) COLLATE cp1251_bin NOT NULL,
  `cars` varchar(30) COLLATE cp1251_bin NOT NULL,
  `dormlimit` int(3) NOT NULL,
  `gunamount` int(5) NOT NULL,
  `ammo` int(5) NOT NULL,
  `drugs` int(5) NOT NULL,
  `money` int(8) NOT NULL,
  `code` int(6) NOT NULL,
  `dorma` int(1) NOT NULL DEFAULT '9',
  `invite` int(2) NOT NULL,
  `uninvite` int(2) NOT NULL,
  `giverank` int(2) NOT NULL,
  PRIMARY KEY (`id`)
) ENGINE=InnoDB  DEFAULT CHARSET=cp1251 COLLATE=cp1251_bin AUTO_INCREMENT=6 ;

--
-- Дамп данных таблицы `gangs`
--

INSERT INTO `gangs` (`id`, `ranks`, `cars`, `dormlimit`, `gunamount`, `ammo`, `drugs`, `money`, `code`, `dorma`, `invite`, `uninvite`, `giverank`) VALUES
(1, 'Baby,Tester,Craker,Lait Nigga,Big Nigga,Ganster,Deferent,Shooter,Star,Big Daddy', '566|566|566|566|517|517|482', 0, 0, 4535, 0, 298, 123321, 9, 10, 9, 10),
(2, 'Little Nigga,Hustla,Bully,Youngsta,Big Nigga,Gangsta,O.G.,Big bro,Legend,Daddy', '412|412|482|492|492|492|492', 0, 6575, 0, 0, 0, 0, 1, 7, 7, 9),
(3, 'Novato,Dedicado,Conocido,Guerrero,Ayudante,El Cazador,Matador,Autoridad,Diputado,Padre', '567|567|567|567|534|534|482', 0, 26, 1530, -12, 105, 1996, 5, 9, 9, 10),
(4, 'Forastero,Jovenes,Bandido,Matador,Verficado,Cabeza,Capitulio,Adjunto,El Orgullo,Padre', '466|466|466|466|482|576|576', 0, 0, 0, 0, 0, 123323, 1, 7, 8, 9),
(5, 'Big popa,Ladron,Comerciante,Loco,Empinado,Gangster,O.G.,Crimen,Sureno Dog,Padre', '540|540|540|540|536|536|482', 0, 0, 13551, 0, 1500, 0, 1, 9, 8, 10);

-- --------------------------------------------------------

--
-- Структура таблицы `gangzone`
--

CREATE TABLE IF NOT EXISTS `gangzone` (
  `id` int(4) NOT NULL AUTO_INCREMENT,
  `ginfo1` varchar(12) CHARACTER SET utf8 NOT NULL DEFAULT '0',
  `ginfo2` varchar(12) CHARACTER SET utf8 NOT NULL DEFAULT '0',
  `ginfo3` varchar(12) CHARACTER SET utf8 NOT NULL DEFAULT '0',
  `ginfo4` varchar(12) CHARACTER SET utf8 NOT NULL DEFAULT '0',
  `fraction` int(3) NOT NULL DEFAULT '0',
  PRIMARY KEY (`id`)
) ENGINE=MyISAM  DEFAULT CHARSET=cp1251 AUTO_INCREMENT=3 ;

-- --------------------------------------------------------

--
-- Структура таблицы `grabbank`
--

CREATE TABLE IF NOT EXISTS `grabbank` (
  `gang3` int(11) NOT NULL,
  `gang4` int(11) NOT NULL,
  `gang5` int(11) NOT NULL,
  `gang6` int(11) NOT NULL,
  `gang7` int(11) NOT NULL
) ENGINE=MyISAM DEFAULT CHARSET=cp1251;

--
-- Дамп данных таблицы `grabbank`
--

INSERT INTO `grabbank` (`gang3`, `gang4`, `gang5`, `gang6`, `gang7`) VALUES
(0, 0, 1, 0, 0);

-- --------------------------------------------------------

--
-- Структура таблицы `graffity`
--

CREATE TABLE IF NOT EXISTS `graffity` (
  `id` int(11) NOT NULL AUTO_INCREMENT,
  `gFrak` int(11) NOT NULL,
  PRIMARY KEY (`id`)
) ENGINE=InnoDB  DEFAULT CHARSET=latin1 AUTO_INCREMENT=50 ;

--
-- Дамп данных таблицы `graffity`
--

INSERT INTO `graffity` (`id`, `gFrak`) VALUES
(1, 3),
(2, 5),
(3, 7),
(4, 3),
(5, 5),
(6, 4),
(7, 3),
(8, 4),
(9, 5),
(10, 4),
(11, 6),
(12, 7),
(13, 5),
(14, 5),
(15, 5),
(16, 6),
(17, 4),
(18, 3),
(19, 3),
(20, 3),
(21, 4),
(22, 6),
(23, 3),
(24, 7),
(25, 5),
(26, 4),
(27, 3),
(28, 7),
(29, 5),
(30, 4),
(31, 3),
(32, 5),
(33, 3),
(34, 3),
(35, 5),
(36, 4),
(37, 4),
(38, 5),
(39, 4),
(40, 6),
(41, 4),
(42, 3),
(43, 5),
(44, 5),
(45, 6),
(46, 4),
(47, 6),
(48, 4),
(49, 4);

-- --------------------------------------------------------

--
-- Структура таблицы `graffityy`
--

CREATE TABLE IF NOT EXISTS `graffityy` (
  `id` int(11) NOT NULL AUTO_INCREMENT,
  `x` float NOT NULL,
  `y` float NOT NULL,
  `z` float NOT NULL,
  `rx` float NOT NULL,
  `ry` float NOT NULL,
  `rz` float NOT NULL,
  `gang` int(11) NOT NULL,
  PRIMARY KEY (`id`)
) ENGINE=MyISAM  DEFAULT CHARSET=utf8 AUTO_INCREMENT=49 ;

--
-- Дамп данных таблицы `graffityy`
--

INSERT INTO `graffityy` (`id`, `x`, `y`, `z`, `rx`, `ry`, `rz`, `gang`) VALUES
(18, 2162.72, -1786.01, 13.519, 0, 0, 449.446, 5),
(19, 2272.99, -1687.29, 13.6515, 0, 0, 93.4232, 5),
(38, 2132.07, -1258, 23.9922, 0, 0, 109.859, 5),
(43, 2233.68, -1367.89, 24.5312, 0, 0, 181.854, 5),
(45, 2182.44, -1468.53, 25.5391, 0, 0, 259.958, 6),
(34, 2119.31, -1197.68, 23.8188, 0, 0, 271.108, 5),
(14, 1837.19, -1814.13, 3.98438, 0, 0, 252.621, 3),
(29, 1965.53, -1174.11, 20.0307, 0, 0, 90.7263, 5),
(6, 2423.01, -1682.15, 13.7938, 0, 0, 356.359, 4),
(16, 2034.35, -1801.31, 14.4844, 0, 0, 90.0766, 4),
(15, 1910.16, -1780.11, 17.9766, 0, 0, 274.855, 4),
(48, 1959.28, -1577.53, 13.5853, 0, 0, 310.651, 4);

-- --------------------------------------------------------

--
-- Структура таблицы `hints`
--

CREATE TABLE IF NOT EXISTS `hints` (
  `id` int(5) NOT NULL AUTO_INCREMENT,
  `x` float NOT NULL,
  `y` float NOT NULL,
  `z` float NOT NULL,
  `r` float NOT NULL,
  `sx` float NOT NULL,
  `sy` float NOT NULL,
  `sz` float NOT NULL,
  `sr` float NOT NULL,
  `interior` int(2) NOT NULL,
  `description` varchar(50) COLLATE cp1251_bin NOT NULL,
  PRIMARY KEY (`id`)
) ENGINE=InnoDB  DEFAULT CHARSET=cp1251 COLLATE=cp1251_bin AUTO_INCREMENT=44 ;

--
-- Дамп данных таблицы `hints`
--

INSERT INTO `hints` (`id`, `x`, `y`, `z`, `r`, `sx`, `sy`, `sz`, `sr`, `interior`, `description`) VALUES
(1, 2233.57, -1114.97, 1050.88, 358.299, 2232.89, -1107.93, 1050.88, 180.486, 5, 'Светлая комната с 2-х спальной кроватью'),
(2, 2196.6, -1204.51, 1049.02, 91.6726, 1236.88, -1193.1, -47.4634, 35.56, 6, 'Дом с зелеными стенами'),
(3, 2317.82, -1026.76, 1050.22, 354.248, 2325.1, -1007.82, 1054.72, 178.322, 9, 'особняк с зеркальными полами'),
(4, 2259.39, -1135.64, 1050.64, 270.298, 2264.04, -1141.45, 1050.63, 359.912, 10, 'ободранная квартира/дом'),
(5, 2365.17, -1135.58, 1050.88, 357.068, 2358.98, -1131.58, 1050.88, 266.393, 8, 'дом с зеркальными полами'),
(6, 2282.99, -1140.27, 1050.9, 356.778, 2285.17, -1133.77, 1050.9, 94.9977, 11, 'однокомнатный дом/квартира. Комфортный и маленький'),
(7, 2218.4, -1076.32, 1050.48, 72.2927, 2205.11, -1071.47, 1050.48, 174.249, 1, 'однокомнатный дом/квартира. с красными стенами'),
(8, 83.014, 1322.29, 1083.87, 1.69824, 79.2619, 1337.67, 1088.37, 349.96, 9, 'еще один особняк'),
(9, 234.381, 1063.73, 1084.21, 2.01149, 237.359, 1082.94, 1087.82, 170.105, 6, 'особняк, очень большой, но темный'),
(10, 243.742, 304.976, 999.148, 269.891, 247.015, 301.828, 999.148, 356.998, 1, 'ободранная однокомнатная квартира'),
(11, 266.515, 304.944, 999.148, 265.168, 271.431, 308.121, 999.148, 174.637, 2, 'однокомнатная, очень светлая квартира'),
(12, 2468.45, -1698.35, 1013.51, 92.5746, 2450.05, -1702, 1013.51, 275.035, 2, 'Темный корридор с гостинной'),
(13, 2496.03, -1692.42, 1014.74, 181.249, 2492.64, -1703.11, 1018.34, 169.464, 3, 'CJ интерьер'),
(14, 2269.84, -1210.43, 1047.56, 92.2165, 2251.72, -1209.5, 1049.02, 265.468, 10, 'Просторная гостинная,вход с лестницы.'),
(15, 227.344, 1114.22, 1081, 271.062, 234.029, 1109.56, 1085.01, 6.60592, 5, 'Зеленый интерьер,большой,2этажа.'),
(16, 235.405, 1186.98, 1080.26, 2.701, 232.795, 1201.81, 1084.42, 207.455, 3, 'Особняк 2 этажа,темный.'),
(17, 225.971, 1239.97, 1082.14, 91.0382, 223.639, 1251.37, 1082.15, 91.1831, 2, 'Голубой ,кухня зерк полы.'),
(18, 223.217, 1287.64, 1082.14, 3.3038, 231.444, 1290.18, 1082.14, 91.2065, 1, 'Зеленый 1 комната.'),
(19, 23.8918, 1340.54, 1084.38, 357.678, 27.7965, 1348.01, 1088.88, 267.82, 10, 'светлый,двух-этажный особняк'),
(20, 295.133, 1472.56, 1080.26, 1.4707, 294.194, 1487.38, 1080.26, 187.737, 15, 'Многокомнатный,корридор.'),
(21, 2324.35, -1148.76, 1050.71, 354.638, 2337.82, -1138.28, 1054.3, 178.566, 12, 'широкий особняк,2 этажа'),
(22, -261.195, 1456.73, 1084.37, 95.1205, -274.975, 1450.16, 1088.87, 1.31134, 4, '2-этажный особняк с багами'),
(23, 328.007, 1478.36, 1084.44, 0.1398, 330.764, 1489.56, 1084.44, 162.28, 15, 'Каменный,смуглый '),
(24, 22.9166, 1403.98, 1084.43, 357.72, 20.2279, 1416.06, 1084.43, 180.249, 5, '1 этаж,темный,уютный интерьер'),
(25, 386.502, 1471.72, 1080.19, 92.5512, 373.049, 1462.83, 1080.19, 331.772, 15, 'Многокомнатный,светлый.'),
(26, 376.324, 1417.27, 1081.33, 86.6211, 359.628, 1416.02, 1081.34, 189.54, 15, 'Длинный,фиолетовый.'),
(27, 447.25, 1397.76, 1084.3, 1.3703, 455.384, 1415.07, 1084.31, 161.653, 2, 'Длинный,высокий,много комнат.'),
(28, 140.342, 1366.7, 1083.86, 356.404, 137.146, 1385.06, 1088.37, 265.101, 5, 'большой особняк с картинами, по центру лестница'),
(29, 491.169, 1398.91, 1080.26, 2.0439, 491.162, 1420.6, 1084.37, 177.681, 2, 'Красный,2 этажа.'),
(30, 234.149, 1064.4, 1084.21, 354.523, 236.775, 1082.44, 1087.82, 87.4161, 6, 'большой особняк,уютный,темный'),
(31, 261.112, 1284.91, 1080.26, 355.899, 256.311, 1290.84, 1080.27, 205.811, 4, 'Узкий,лабиринтообразный.'),
(32, -68.8663, 1351.94, 1080.21, 1.3932, -70.2393, 1362.66, 1080.21, 268.188, 6, '1 этаж,коричневые стены,обшарпанные потолки'),
(33, 2807.55, -1174.22, 1025.57, 359.851, 2816.06, -1169.01, 1029.17, 90.5266, 8, '2 этажа,пушка в гостинной,уютный'),
(34, 2217.45, -1076.34, 1050.48, 86.2849, 2206.45, -1073.43, 1050.48, 177.176, 1, '1 комната,красный интерьер,белое окно'),
(35, 2237.53, -1081.1, 1049.02, 357.634, 2243.92, -1078.82, 1049.02, 357.367, 2, '1этаж,голубой пол в прихожей,красные горшки'),
(36, 2365.33, -1135.16, 1050.88, 2.7174, 2360.45, -1132.71, 1050.88, 269.68, 8, '1этаж,зеркальные полы,очень уютный'),
(37, -42.6872, 1405.89, 1084.43, 1.4874, -50.5177, 1408.57, 1084.43, 268.282, 8, '1этаж,темный интерьер,темно-зеленая кухня'),
(38, 82.9296, 1322.94, 1083.87, 3.1521, 93.8073, 1340.1, 1088.37, 273.538, 9, '2 этажа,темно-красная лестница слева,уютный'),
(39, 260.602, 1237.93, 1084.26, 5.5135, 257.968, 1254.04, 1084.26, 86.6679, 9, '1этаж, зеленый цветок у входа слева,светильник,уют'),
(40, 1298.96, -797.007, 1084.01, 0.9165, 1228.17, -809.891, 1084.01, 274.941, 5, 'Особняк 21 комната'),
(41, 225.629, 1023.11, 1084.01, 0.096, 227.912, 1031.29, 1084.02, 180.648, 7, 'Крутой дом Микки'),
(42, 226.17, 1239.97, 1082.14, 90.3812, 225.499, 1252.73, 1082.14, 91.153, 2, '1 этаж,темный интерьер,кухня-зеркальные полы'),
(43, 1539.67, -1341.26, 935.805, 181.715, 1544.47, -1338.85, 939.366, 173.035, 6, 'Особняк для ОДНОГО дома');

-- --------------------------------------------------------

--
-- Структура таблицы `hotels`
--

CREATE TABLE IF NOT EXISTS `hotels` (
  `id` int(11) NOT NULL AUTO_INCREMENT,
  `ownerid` int(9) NOT NULL,
  `owner` varchar(24) COLLATE cp1251_bin NOT NULL,
  `price` int(5) NOT NULL,
  `bank` int(11) NOT NULL,
  `enterprice` int(11) NOT NULL,
  `carprice` int(11) NOT NULL,
  `residents` varchar(128) COLLATE cp1251_bin NOT NULL DEFAULT '0|0|0|0|0|0|0|0',
  `endurance` varchar(128) COLLATE cp1251_bin NOT NULL DEFAULT '0|0|0|0|0|0|0|0',
  `name0` varchar(32) COLLATE cp1251_bin NOT NULL DEFAULT 'Свободно',
  `name1` varchar(32) COLLATE cp1251_bin NOT NULL DEFAULT 'Свободно',
  `name2` varchar(32) COLLATE cp1251_bin NOT NULL DEFAULT 'Свободно',
  `name3` varchar(32) COLLATE cp1251_bin NOT NULL DEFAULT 'Свободно',
  `name4` varchar(32) COLLATE cp1251_bin NOT NULL DEFAULT 'Свободно',
  `name5` varchar(32) COLLATE cp1251_bin NOT NULL DEFAULT 'Свободно',
  `name6` varchar(32) COLLATE cp1251_bin NOT NULL DEFAULT 'Свободно',
  `name7` varchar(32) COLLATE cp1251_bin NOT NULL DEFAULT 'Свободно',
  PRIMARY KEY (`id`)
) ENGINE=InnoDB  DEFAULT CHARSET=cp1251 COLLATE=cp1251_bin AUTO_INCREMENT=4 ;

--
-- Дамп данных таблицы `hotels`
--

INSERT INTO `hotels` (`id`, `ownerid`, `owner`, `price`, `bank`, `enterprice`, `carprice`, `residents`, `endurance`, `name0`, `name1`, `name2`, `name3`, `name4`, `name5`, `name6`, `name7`) VALUES
(1, 123, 'Bruce_Lee', 500, 100, 100, 100, '0|0|0|0|0|0|0|0', '0|0|0|0|0|0|0|0', 'Свободно', 'Свободно', 'Свободно', 'Свободно', 'Свободно', 'Свободно', 'Свободно', 'Свободно'),
(2, 5, 'Ted_Bacardi', 400, 6000, 0, 0, '0|0|0|0|0|0|0|0', '0|0|0|0|0|0|0|0', 'Свободно', 'Свободно', 'Свободно', 'Свободно', 'Свободно', 'Свободно', 'Свободно', 'Свободно'),
(3, 2, 'Tony_Barrera', 500, 0, 0, 0, '0|0|0|0|0|0|0|0', '0|0|0|0|0|0|0|0', 'Свободно', 'Свободно', 'Свободно', 'Свободно', 'Свободно', 'Свободно', 'Свободно', 'Свободно');

-- --------------------------------------------------------

--
-- Структура таблицы `houseobject`
--

CREATE TABLE IF NOT EXISTS `houseobject` (
  `id` int(11) NOT NULL AUTO_INCREMENT,
  `owner` varchar(64) NOT NULL,
  `x` float NOT NULL,
  `y` float NOT NULL,
  `z` float NOT NULL,
  `rx` float NOT NULL,
  `ry` float NOT NULL,
  `rz` float NOT NULL,
  `virtual` int(11) NOT NULL,
  `int` int(11) NOT NULL,
  `model` int(11) NOT NULL,
  `number` int(11) NOT NULL,
  `status` int(11) NOT NULL,
  PRIMARY KEY (`id`)
) ENGINE=MyISAM  DEFAULT CHARSET=utf8 AUTO_INCREMENT=95 ;

--
-- Дамп данных таблицы `houseobject`
--

INSERT INTO `houseobject` (`id`, `owner`, `x`, `y`, `z`, `rx`, `ry`, `rz`, `virtual`, `int`, `model`, `number`, `status`) VALUES
(1, 'Adam_West', 2205.02, -1072.75, 1049.39, 0, 0, 0, 108, 1, 2563, 1, 1),
(2, 'Adam_West', 0, 0, 0, 0, 0, 0, 0, 0, 2575, 2, 0),
(3, 'Adam_West', 2208.53, -1070.48, 1049.34, 0, 0, 0, 108, 1, 2576, 3, 1),
(4, 'Adam_West', 0, 0, 0, 0, 0, 0, 0, 0, 2576, 4, 0),
(5, 'Adam_West', 0, 0, 0, 0, 0, 0, 0, 0, 2576, 5, 0),
(6, 'Adam_West', 0, 0, 0, 0, 0, 0, 0, 0, -1, 6, 0),
(7, 'Adam_West', 2233.92, -1107.61, 1049.86, 0, 0, 0, 2, 5, 1700, 7, 1),
(8, 'Adam_West', 0, 0, 0, 0, 0, 0, 0, 0, 2576, 8, 0),
(9, 'Adam_West', 0, 0, 0, 0, 0, 0, 0, 0, 2576, 9, 0),
(10, 'Adam_West', 0, 0, 0, 0, 0, 0, 0, 0, 2576, 10, 0),
(11, 'Adam_West', 2211.77, -1071.3, 1049.42, 0, 0, -91.4, 108, 1, 2576, 11, 1),
(12, 'Adam_West', 0, 0, 0, 0, 0, 0, 0, 0, 2708, 12, 0),
(13, 'Adam_West', 0, 0, 0, 0, 0, 0, 0, 0, 2708, 13, 0),
(14, 'Adam_West', 0, 0, 0, 0, 0, 0, 0, 0, 2708, 14, 0),
(15, 'Adam_West', 2232.22, -1104.02, 1049.78, 0, 0, 0, 2, 5, 2576, 15, 0),
(16, 'Adam_West', 2202.59, -1072.17, 1049.44, 0, 0, 91.7, 108, 1, 2708, 16, 1),
(17, 'Adam_West', 0, 0, 0, 0, 0, 0, 0, 0, 2644, 17, 0),
(18, 'Adam_West', 0, 0, 0, 0, 0, 0, 0, 0, 2708, 18, 0),
(19, 'Adam_West', 0, 0, 0, 0, 0, 0, 0, 0, 1702, 19, 0),
(20, 'Ryan_Marrero', 2231.23, -1107.64, 1049.91, 0, 0, 0, 3, 5, 2571, 4, 0),
(21, 'Ryan_Marrero', 0, 0, 0, 0, 0, 0, 0, 0, 2563, 4, 0),
(22, 'Ryan_Marrero', 0, 0, 0, 0, 0, 0, 0, 0, 2316, 5, 0),
(23, 'Ryan_Marrero', 2232.16, -1107, 1050.75, -42.1, 35.4, -95.7, 3, 5, 2316, 6, 1),
(81, 'Ryan_Marrero', 0, 0, 0, 0, 0, 0, 0, 0, 2644, 8, 0),
(80, 'Ryan_Marrero', 2285.06, -1138.78, 1050.9, 0, 0, 0, 156, 11, 1786, 7, 0),
(79, 'Paul_Ventura', 2229.3, -1108.04, 1049.85, 0, 0, 0, 1, 5, 1725, 7, 1),
(78, 'Paul_Ventura', 2234.8, -1109.1, 1049.88, 0.299999, 1.8, -89.4999, 1, 5, 1723, 6, 1),
(77, 'Paul_Ventura', 0, 0, 0, 0, 0, 0, 0, 0, 2576, 5, 0),
(76, 'Paul_Ventura', 0, 0, 0, 0, 0, 0, 0, 0, 2385, 4, 0),
(71, 'Dmitriy_Drumms', 2265.74, -1137.58, 1049.64, 0, 0, -87.6, 54, 10, 1742, 5, 0),
(72, 'Dmitriy_Drumms', 2259.64, -1133.96, 1049.63, 0, 0, 90.6, 54, 10, 1754, 6, 1),
(73, 'Paul_Ventura', 2229.83, -1109.76, 1049.86, 0, 0, 0, 1, 5, 2575, 1, 0),
(74, 'Paul_Ventura', 2230.63, -1104.41, 1049.71, 0.499969, 0, 2.50001, 1, 5, 2576, 2, 1),
(75, 'Paul_Ventura', 0, 0, 0, 0, 0, 0, 0, 0, 2576, 3, 0),
(67, 'Dmitriy_Drumms', 2259.11, -1139.21, 1049.59, 0, 0, -89.2, 54, 10, 1823, 1, 0),
(68, 'Dmitriy_Drumms', 2259.52, -1139.89, 1050.06, 0, 0, 88.7, 54, 10, 1786, 2, 1),
(69, 'Dmitriy_Drumms', 2265.58, -1137.58, 1049.62, 0, 0, -86, 54, 10, 2100, 3, 1),
(70, 'Dmitriy_Drumms', 2262.94, -1139.16, 1049.61, 0, 0, 179.1, 54, 10, 1700, 4, 0),
(82, 'Ryan_Marrero', 0, 0, 0, 0, 0, 0, 0, 0, 1742, 9, 0),
(83, 'Ryan_Marrero', 0, 0, 0, 0, 0, 0, 0, 0, 1768, 10, 0),
(84, 'Ryan_Marrero', 0, 0, 0, 0, 0, 0, 0, 0, 1799, 11, 0),
(85, 'Ryan_Marrero', 0, 0, 0, 0, 0, 0, 0, 0, 2573, 12, 0),
(86, 'Ryan_Marrero', 0, 0, 0, 0, 0, 0, 0, 0, 2571, 13, 0),
(87, 'Ryan_Marrero', 0, 0, 0, 0, 0, 0, 0, 0, 2350, 14, 0),
(88, 'Ryan_Marrero', 0, 0, 0, 0, 0, 0, 0, 0, 1814, 15, 0),
(89, 'Ryan_Marrero', 0, 0, 0, 0, 0, 0, 0, 0, 2190, 16, 0),
(90, 'Ryan_Marrero', 2286.12, -1138.63, 1050.9, 0, 0, 0, 156, 11, 2100, 17, 1),
(91, 'Thomas_Barrera', 0, 0, 0, 0, 0, 0, 0, 0, 2708, 7, 0),
(93, 'Jeremy_Clarkson', 221.66, 1252.37, 1082.32, 23.3, 0, -92.3, 257, 2, 2576, 1, 0),
(94, 'Jeremy_Clarkson', 0, 0, 0, 0, 0, 0, 0, 0, 2573, 2, 0);

-- --------------------------------------------------------

--
-- Структура таблицы `houses`
--

CREATE TABLE IF NOT EXISTS `houses` (
  `id` int(4) NOT NULL AUTO_INCREMENT,
  `class` int(1) NOT NULL,
  `days` int(11) NOT NULL DEFAULT '3',
  `price` int(8) NOT NULL,
  `hint` int(2) NOT NULL,
  `improve` varchar(32) COLLATE cp1251_bin NOT NULL,
  `gun` varchar(64) COLLATE cp1251_bin NOT NULL DEFAULT '0|0|0|0|0|0|0|0|0',
  `skin` varchar(24) COLLATE cp1251_bin NOT NULL DEFAULT '0|0|0|0',
  `safecode` int(4) NOT NULL DEFAULT '0',
  `safemoney` int(11) NOT NULL,
  `drugs` int(11) NOT NULL,
  `products` int(3) NOT NULL,
  `close` tinyint(1) NOT NULL,
  `x` float NOT NULL,
  `y` float NOT NULL,
  `z` float NOT NULL,
  `r` float NOT NULL,
  `parkx` float NOT NULL,
  `parky` float NOT NULL,
  `parkz` float NOT NULL,
  `parkr` float NOT NULL,
  `ownerid` int(11) NOT NULL,
  `owner` varchar(24) COLLATE cp1251_bin NOT NULL,
  `inhabit2id` int(11) NOT NULL,
  `inhabit3id` int(11) NOT NULL,
  `inhabit4id` int(11) NOT NULL,
  `inhabit2` varchar(24) COLLATE cp1251_bin NOT NULL,
  `inhabit3` varchar(24) COLLATE cp1251_bin NOT NULL,
  `inhabit4` varchar(24) COLLATE cp1251_bin NOT NULL,
  `day` int(11) NOT NULL,
  `hShx` float NOT NULL,
  `hShy` float NOT NULL,
  `hShz` float NOT NULL,
  `houseMats` int(11) NOT NULL,
  `houseMoney` int(11) NOT NULL,
  PRIMARY KEY (`id`)
) ENGINE=InnoDB  DEFAULT CHARSET=cp1251 COLLATE=cp1251_bin AUTO_INCREMENT=334 ;

--
-- Дамп данных таблицы `houses`
--

INSERT INTO `houses` (`id`, `class`, `days`, `price`, `hint`, `improve`, `gun`, `skin`, `safecode`, `safemoney`, `drugs`, `products`, `close`, `x`, `y`, `z`, `r`, `parkx`, `parky`, `parkz`, `parkr`, `ownerid`, `owner`, `inhabit2id`, `inhabit3id`, `inhabit4id`, `inhabit2`, `inhabit3`, `inhabit4`, `day`, `hShx`, `hShy`, `hShz`, `houseMats`, `houseMoney`) VALUES
(1, 0, 9, 20000, 0, '1|1|1|1|1|1|1', '0|0|0|0|0|0|0|0|0', '0|0|0|0', 0, 0, 0, 0, 1, 1854.05, -1914.26, 15.2568, 5.10296, 1849.34, -1926.98, 13.1912, 89.7107, 91, 'Paul_Ventura', 0, 0, 0, '', '', '', 3, 0, 0, 0, 0, 0),
(2, 0, 16, 18000, 0, '0|0|0|0|0|0|0', '0|0|0|0|0|0|0|0|0', '0|0|0|0', 0, 0, 0, 0, 0, 1872.31, -1911.79, 15.2568, 355.63, 1871.75, -1927.21, 13.1877, 89.4124, 98, 'Angelo_Grossi', 0, 0, 0, '', '', '', 3, 0, 0, 0, 0, 0),
(3, 0, 3, 18000, 0, '0|0|0|0|0|0|0', '0|0|0|0|0|0|0|0|0', '0|0|0|0', 0, 0, 0, 0, 0, 1891.85, -1914.4, 15.2568, 354.426, 1893.12, -1927.16, 13.191, 90.5113, 0, '', 0, 0, 0, '', '', '', 3, 0, 0, 0, 0, 0),
(4, 0, 3, 18000, 0, '0|0|0|0|0|0|0', '0|0|0|0|0|0|0|0|0', '0|0|0|0', 0, 0, 0, 0, 0, 1913.44, -1911.9, 15.2568, 357.873, 1909.23, -1927.11, 13.1911, 90.3872, 0, '', 0, 0, 0, '', '', '', 3, 0, 0, 0, 0, 0),
(5, 0, 3, 18000, 0, '0|0|0|0|0|0|0', '0|0|0|0|0|0|0|0|0', '0|0|0|0', 0, 0, 0, 0, 0, 1928.59, -1915.9, 15.2568, 0.356082, 1926, -1927.31, 13.1927, 269.019, 0, '', 0, 0, 0, '', '', '', 3, 0, 0, 0, 0, 0),
(6, 0, 3, 18000, 0, '0|0|0|0|0|0|0', '0|0|0|0|0|0|0|0|0', '0|0|0|0', 0, 0, 0, 0, 0, 1938.54, -1911.29, 15.2568, 275.129, 1942.43, -1926.97, 13.1917, 273.064, 0, '', 0, 0, 0, '', '', '', 3, 0, 0, 0, 0, 0),
(7, 0, 3, 20000, 0, '0|0|0|0|0|0|0', '0|0|0|0|0|0|0|0|0', '0|0|0|0', 0, 0, 0, 0, 1, 2018.05, -1630.05, 14.0426, 274.212, 2006.82, -1628.77, 13.189, 359.458, 0, '', 0, 0, 0, '', '', '', 3, 0, 0, 0, 0, 0),
(8, 0, 3, 20000, 0, '0|0|0|0|0|0|0', '0|0|0|0|0|0|0|0|0', '0|0|0|0', 0, 0, 0, 0, 0, 2016.54, -1641.65, 14.1129, 266.379, 2006.76, -1641.24, 13.189, 359.621, 0, '', 0, 0, 0, '', '', '', 3, 0, 0, 0, 0, 0),
(9, 0, 3, 20000, 0, '0|0|0|0|0|0|0', '0|0|0|0|0|0|0|0|0', '0|0|0|0', 0, 0, 0, 0, 1, 2013.58, -1656.5, 14.1363, 271.079, 2006.72, -1656.48, 13.189, 359.721, 0, '', 0, 0, 0, '', '', '', 3, 0, 0, 0, 0, 0),
(10, 0, 3, 25000, 0, '0|0|0|0|0|0|0', '0|0|0|0|0|0|0|0|0', '0|0|0|0', 0, 0, 0, 0, 0, 2018.24, -1703.25, 14.2344, 273.272, 2017.21, -1707.81, 13.2739, 270.204, 0, '', 0, 0, 0, '', '', '', 3, 0, 0, 0, 0, 0),
(11, 0, 3, 40000, 12, '0|0|0|0|0|0|0', '0|0|0|0|0|0|0|0|0', '0|0|0|0', 0, 0, 0, 0, 1, 1980.99, -1682.82, 17.0537, 92.4774, 1979.7, -1674.73, 15.6955, 90.7444, 0, '', 0, 0, 0, '', '', '', 3, 0, 0, 0, 0, 0),
(12, 0, 3, 19000, 0, '0|0|0|0|0|0|0', '0|0|0|0|0|0|0|0|0', '0|0|0|0', 0, 0, 0, 0, 1, 2016.2, -1717.02, 14.125, 272.936, 2006.75, -1717.33, 13.189, 0.2444, 0, '', 0, 0, 0, '', '', '', 3, 0, 0, 0, 0, 0),
(13, 0, 3, 25000, 0, '0|0|0|0|0|0|0', '0|0|0|0|0|0|0|0|0', '0|0|0|0', 0, 0, 0, 0, 0, 2015.35, -1732.54, 14.2344, 266.669, 2014.46, -1737.4, 13.2798, 270.426, 0, '', 0, 0, 0, '', '', '', 3, 0, 0, 0, 0, 0),
(14, 0, 3, 40000, 12, '0|0|0|0|0|0|0', '0|0|0|0|0|0|0|0|0', '0|0|0|0', 0, 0, 0, 0, 1, 1980.38, -1719.1, 17.0305, 90.9109, 1979.41, -1710.06, 15.6958, 91.0976, 0, '', 0, 0, 0, '', '', '', 3, 0, 0, 0, 0, 0),
(15, 0, 3, 20000, 1, '0|0|0|0|0|0|0', '0|0|0|0|0|0|0|0|0', '0|0|0|0', 0, 0, 0, 0, 0, 2065.1, -1703.68, 14.1484, 96.8879, 2066.24, -1694.77, 13.2739, 90.4365, 0, '', 0, 0, 0, '', '', '', 3, 0, 0, 0, 0, 0),
(16, 0, 3, 18000, 0, '0|0|0|0|0|0|0', '0|0|0|0|0|0|0|0|0', '0|0|0|0', 0, 0, 0, 0, 0, 2066.24, -1717.07, 14.1363, 88.7411, 2076.31, -1717.85, 13.1931, 179.339, 0, '', 0, 0, 0, '', '', '', 3, 0, 0, 0, 0, 0),
(17, 0, 3, 20000, 0, '0|0|0|0|0|0|0', '0|0|0|0|0|0|0|0|0', '0|0|0|0', 0, 0, 0, 0, 0, 2067.05, -1731.58, 14.2066, 90.3311, 2076.59, -1731.43, 13.1889, 179.71, 0, '', 0, 0, 0, '', '', '', 3, 0, 0, 0, 0, 0),
(18, 3, 3, 1000000, 42, '0|0|0|0|0|0|0', '0|0|0|0|0|0|0|0|0', '0|0|0|0', 0, 0, 0, 0, 0, 2261.68, -1906.12, 14.9375, 173.812, 2273.07, -1908.21, 13.2739, 180.314, 0, '', 0, 0, 0, '', '', '', 3, 0, 0, 0, 0, 0),
(19, 0, 3, 20000, 6, '0|0|0|0|0|0|0', '0|0|0|0|0|0|0|0|0', '0|0|0|0', 0, 0, 0, 0, 0, 2238.27, -1906.83, 14.9375, 181.785, 2249.94, -1909.51, 13.2739, 180.457, 0, '', 0, 0, 0, '', '', '', 3, 0, 0, 0, 0, 0),
(20, 0, 3, 20000, 6, '0|0|0|0|0|0|0', '0|0|0|0|0|0|0|0|0', '0|0|0|0', 0, 0, 0, 0, 0, 2284.61, -1905.46, 14.9297, 185.406, 2296.39, -1909.58, 13.31, 179.556, 0, '', 0, 0, 0, '', '', '', 3, 0, 0, 0, 0, 0),
(21, 1, 3, 25000, 10, '0|0|0|0|0|0|0', '0|0|0|0|0|0|0|0|0', '0|0|0|0', 0, 0, 0, 0, 0, 2333.44, -1883.56, 15, 177.886, 2333.29, -1909.75, 13.0659, 348.504, 0, '', 0, 0, 0, '', '', '', 3, 0, 0, 0, 0, 0),
(22, 0, 3, 25000, 7, '0|0|0|0|0|0|0', '0|0|0|0|0|0|0|0|0', '0|0|0|0', 0, 0, 0, 0, 0, 2333.35, -1943.24, 14.9688, 4.74995, 2329.15, -1948.4, 13.3056, 270.375, 0, '', 0, 0, 0, '', '', '', 3, 0, 0, 0, 0, 0),
(23, 1, 3, 30000, 5, '0|0|0|0|0|0|0', '0|0|0|0|0|0|0|0|0', '0|0|0|0', 0, 0, 0, 0, 0, 2145.04, -1801.77, 16.1406, 1.58708, 2120.33, -1764.18, 13.1242, 269.533, 0, '', 0, 0, 0, '', '', '', 3, 0, 0, 0, 0, 0),
(24, 0, 3, 25000, 10, '0|0|0|0|0|0|0', '0|0|0|0|0|0|0|0|0', '0|0|0|0', 0, 0, 0, 0, 1, 2140.93, -1802.04, 16.1475, 88.0681, 2120.3, -1767.55, 13.1293, 269.533, 0, '', 0, 0, 0, '', '', '', 3, 0, 0, 0, 0, 0),
(25, 1, 7, 70000, 12, '0|0|0|0|0|0|0', '0|0|0|0|0|0|1000|0|0', '83|0|0|70', 2288, 80000, 0, 0, 0, 2495.44, -1691.14, 14.7656, 183.618, 2492.56, -1684.44, 13.149, 89.6492, 34, 'Padre_Benito', 0, 0, 0, '', '', '', 3, 0, 0, 0, 0, 0),
(26, 1, 3, 25000, 9, '0|0|0|0|0|0|0', '0|0|0|0|0|0|0|0|0', '0|0|0|0', 0, 0, 0, 0, 0, 2146.52, -1808.48, 16.1406, 90.5749, 2120.26, -1772.23, 13.1266, 269.533, 0, '', 0, 0, 0, '', '', '', 3, 0, 0, 0, 0, 0),
(27, 1, 3, 30000, 5, '0|0|0|0|0|0|0', '0|0|0|0|0|0|0|0|0', '0|0|0|0', 0, 0, 0, 0, 1, 2151.95, -1819.7, 16.1406, 183.949, 2120.22, -1777.13, 13.1251, 269.533, 0, '', 0, 0, 0, '', '', '', 3, 0, 0, 0, 0, 0),
(28, 0, 3, 40000, 1, '0|0|0|0|0|0|0', '0|0|0|0|0|0|0|0|0', '0|0|0|0', 0, 0, 0, 0, 0, 2459.38, -1691.66, 13.5469, 180.171, 2473.3, -1693.66, 13.2431, 179.098, 0, '', 0, 0, 0, '', '', '', 3, 0, 0, 0, 0, 0),
(29, 1, 3, 28000, 5, '0|0|0|0|0|0|0', '0|0|0|0|0|0|0|0|0', '0|0|0|0', 0, 0, 0, 0, 0, 2165.14, -1819.7, 16.1406, 173.508, 2110.53, -1782.73, 13.1151, 180.12, 0, '', 0, 0, 0, '', '', '', 3, 0, 0, 0, 0, 0),
(30, 1, 3, 32000, 5, '0|0|0|0|0|0|0', '0|0|0|0|0|0|0|0|0', '0|0|0|0', 0, 0, 0, 0, 0, 2158.42, -1819.7, 16.1406, 178.763, 2120.18, -1781.75, 13.1215, 269.533, 0, '', 0, 0, 0, '', '', '', 3, 0, 0, 0, 0, 0),
(31, 1, 3, 33000, 6, '0|0|0|0|0|0|0', '0|0|0|0|0|0|0|0|0', '0|0|0|0', 0, 0, 0, 0, 0, 2172.34, -1819.7, 16.1406, 182.523, 2106.38, -1782.74, 13.1233, 180.12, 0, '', 0, 0, 0, '', '', '', 3, 0, 0, 0, 0, 0),
(32, 1, 3, 37000, 6, '0|0|0|0|0|0|0', '0|0|0|0|0|0|0|0|0', '0|0|0|0', 0, 0, 0, 0, 0, 2151.04, -1789.3, 13.5093, 85.725, 2156.55, -1757.42, 13.1909, 90.816, 0, '', 0, 0, 0, '', '', '', 3, 0, 0, 0, 0, 0),
(33, 1, 24, 50000, 5, '0|0|0|0|0|0|0', '0|0|0|0|0|0|0|0|0', '0|0|0|0', 0, 0, 0, 0, 0, 2192.72, -1815.23, 13.5469, 184.739, 2172.09, -1757.45, 13.1887, 89.1011, 0, '', 0, 0, 0, '', '', '', 3, 0, 0, 0, 0, 0),
(34, 1, 3, 35000, 6, '0|0|0|0|0|0|0', '0|0|0|0|0|0|0|0|0', '0|0|0|0', 0, 0, 0, 0, 0, 2244.21, -1637.96, 15.9074, 331.085, 2239.75, -1648.41, 15.1143, 253.906, 0, '', 0, 0, 0, '', '', '', 3, 0, 0, 0, 0, 0),
(35, 0, 3, 33200, 5, '0|0|0|0|0|0|0', '0|0|0|0|0|0|0|0|0', '0|0|0|0', 0, 0, 0, 0, 0, 2257.02, -1643.93, 15.8082, 347.502, 2256.32, -1653.2, 15.0419, 261.302, 0, '', 0, 0, 0, '', '', '', 3, 0, 0, 0, 0, 0),
(36, 1, 3, 32500, 6, '0|0|0|0|0|0|0', '0|0|0|0|0|0|0|0|0', '0|0|0|0', 0, 0, 0, 0, 0, 2282.1, -1641.22, 15.8898, 359.853, 2271.53, -1642.79, 15.0886, 359.853, 0, '', 0, 0, 0, '', '', '', 3, 0, 0, 0, 0, 0),
(37, 1, 3, 42350, 6, '0|0|0|0|0|0|0', '0|0|0|0|0|0|0|0|0', '0|0|0|0', 0, 0, 0, 0, 0, 2307.24, -1679.2, 14.3316, 184.698, 0, 0, 0, 0, 0, '', 0, 0, 0, '', '', '', 3, 0, 0, 0, 0, 0),
(38, 1, 3, 40000, 9, '0|0|0|0|0|0|0', '0|0|0|0|0|0|0|0|0', '0|0|0|0', 0, 0, 0, 0, 0, 2327.37, -1681.76, 14.9297, 99.1574, 2337.13, -1680.32, 13.1681, 180.24, 0, '', 0, 0, 0, '', '', '', 3, 0, 0, 0, 0, 0),
(39, 0, 3, 19000, 0, '0|0|0|0|0|0|0', '0|0|0|0|0|0|0|0|0', '0|0|0|0', 0, 0, 0, 0, 0, 2067.7, -1629.03, 14.2066, 91.6023, 2076.45, -1626.5, 13.189, 180.447, 0, '', 0, 0, 0, '', '', '', 3, 0, 0, 0, 0, 0),
(40, 0, 3, 18000, 0, '0|0|0|0|0|0|0', '0|0|0|0|0|0|0|0|0', '0|0|0|0', 0, 0, 0, 0, 0, 2067.56, -1643.78, 14.1363, 89.409, 2057.5, -1636.47, 13.2739, 89.9735, 0, '', 0, 0, 0, '', '', '', 3, 0, 0, 0, 0, 0),
(41, 1, 3, 43250, 5, '0|0|0|0|0|0|0', '0|0|0|0|0|0|0|0|0', '0|0|0|0', 0, 0, 0, 0, 1, 2362.82, -1643.39, 14.2919, 0.197823, 2362.17, -1653.73, 13.1876, 270.997, 0, '', 0, 0, 0, '', '', '', 3, 0, 0, 0, 0, 0),
(42, 0, 3, 18000, 0, '0|0|0|0|0|0|0', '0|0|0|0|0|0|0|0|0', '0|0|0|0', 0, 0, 0, 0, 0, 2066.74, -1656.44, 14.1328, 93.7957, 2076.48, -1657.28, 13.1931, 179.879, 0, '', 0, 0, 0, '', '', '', 3, 0, 0, 0, 0, 0),
(43, 1, 3, 43000, 6, '1|0|0|0|0|0|0', '0|0|0|0|0|0|0|0|0', '0|0|0|0', 0, 0, 0, 0, 0, 2393.3, -1646.09, 13.9051, 358.631, 2392.85, -1653.77, 13.189, 270.13, 88, 'Dmitriy_Drumms', 0, 0, 0, '', '', '', 3, 0, 0, 0, 0, 0),
(44, 1, 3, 55000, 23, '0|0|0|0|0|0|0', '0|0|0|0|0|0|0|0|0', '0|0|0|0', 0, 0, 0, 0, 1, 2469.6, -1646.35, 13.7801, 2.46132, 2469.14, -1653.34, 13.1293, 270.879, 0, '', 0, 0, 0, '', '', '', 3, 0, 0, 0, 0, 0),
(45, 1, 3, 63000, 1, '0|0|0|0|0|0|0', '0|0|0|0|0|0|0|0|0', '0|0|0|0', 0, 0, 0, 0, 0, 2498.35, -1642.25, 14.1131, 1.83472, 2499.07, -1653.89, 13.1702, 247.326, 0, '', 0, 0, 0, '', '', '', 3, 0, 0, 0, 0, 0),
(46, 0, 3, 35000, 6, '0|0|0|0|0|0|0', '0|0|0|0|0|0|0|0|0', '0|0|0|0', 0, 0, 0, 0, 1, 2513.58, -1650.11, 14.3557, 318.281, 2507.45, -1658.36, 13.3208, 199.659, 0, '', 0, 0, 0, '', '', '', 3, 0, 0, 0, 0, 0),
(47, 1, 8, 55000, 11, '0|0|0|0|0|0|0', '0|0|0|0|0|0|45|0|0', '78|0|0|107', 2701, 48783, 0, 200, 0, 2524.61, -1658.68, 15.824, 270.341, 2510.13, -1666.65, 13.2106, 186.675, 1224, 'Danila_Zakharov', 0, 0, 0, '', '', '', 3, 0, 0, 0, 0, 0),
(48, 0, 0, 25000, 33, '0|0|0|0|0|0|0', '0|0|0|0|0|0|0|0|0', '0|0|0|0', 0, 0, 0, 0, 0, 2368.31, -1675.34, 14.1682, 186.23, 2361.58, -1672.46, 13.2749, 181.582, 0, '', 0, 0, 0, '', '', '', 3, 0, 0, 0, 0, 0),
(49, 0, 20, 50000, 6, '0|0|0|0|0|0|0', '0|0|0|0|0|0|0|0|0', '0|0|0|0', 0, 0, 0, 0, 0, 2523.27, -1679.28, 15.497, 265.014, 2508.75, -1675.13, 13.1601, 156.873, 19, 'Yukio_Shinji', 0, 0, 0, '', '', '', 3, 0, 0, 0, 0, 0),
(50, 0, 10, 20000, 0, '0|0|0|0|0|0|0', '0|0|4150|0|0|0|7993|0|0', '78|0|0|107', 0, 0, 0, 0, 1, 2384.77, -1675.84, 15.2457, 177.457, 2386.4, -1664.11, 13.1882, 89.1942, 366, 'El_Balashkin', 0, 0, 0, '', '', '', 3, 0, 0, 0, 0, 0),
(51, 0, 3, 18000, 3, '0|0|0|0|0|0|0', '0|0|0|0|0|0|0|0|0', '0|0|0|0', 0, 0, 0, 0, 0, 2409.05, -1674.94, 14.375, 179.966, 2408.86, -1664.17, 13.1904, 90.3097, 0, '', 0, 0, 0, '', '', '', 3, 0, 0, 0, 0, 0),
(52, 0, 0, 30000, 23, '0|0|0|0|0|0|0', '0|0|0|0|0|0|0|0|0', '0|0|0|0', 0, 0, 0, 0, 0, 2413.9, -1646.79, 14.0119, 358.565, 2414.24, -1653.63, 13.1766, 270.564, 92, 'Dmitriy_Drumms', 0, 0, 0, '', '', '', 3, 0, 0, 0, 0, 0),
(53, 0, 10, 51337, 5, '0|0|0|0|0|0|0', '0|0|3346|0|0|0|3887|0|0', '78|0|0|270', 1337, 65932, 0, 370, 0, 2514.34, -1691.58, 14.046, 230.483, 2505.09, -1680.4, 13.19, 129.101, 1432, 'Roman_Jonn', 0, 0, 0, '', '', '', 3, 0, 0, 0, 0, 0),
(54, 0, 2, 18000, 3, '0|0|0|0|0|0|0', '0|0|0|0|0|0|0|0|0', '0|0|0|0', 0, 0, 0, 0, 1, 2451.77, -1641.41, 14.0662, 0.481732, 2443.43, -1641.25, 13.1765, 0.4708, 68, 'Thomas_Barrera', 0, 0, 0, '', '', '', 3, 0, 0, 0, 0, 0),
(55, 1, 3, 20000, 15, '0|0|0|0|0|0|0', '0|0|0|0|0|0|0|0|0', '0|0|0|0', 0, 0, 0, 0, 0, 2736.65, -1926.18, 13.5469, 268.19, 2708.22, -1927.08, 13.1481, 90.4919, 0, '', 0, 0, 0, '', '', '', 3, 0, 0, 0, 0, 0),
(56, 0, 3, 35000, 5, '0|0|0|0|0|0|0', '0|0|0|0|0|0|0|0|0', '0|0|0|0', 0, 0, 0, 0, 1, 2751.5, -1936.53, 13.5394, 88.9845, 2764.22, -1939.98, 13.1356, 359.331, 0, '', 0, 0, 0, '', '', '', 3, 0, 0, 0, 0, 0),
(57, 0, 3, 35000, 5, '0|0|0|0|0|0|0', '0|0|0|0|0|0|0|0|0', '0|0|0|0', 0, 0, 0, 0, 0, 2751.49, -1963.14, 13.5469, 81.4645, 2764.34, -1959.84, 13.1392, 359.126, 0, '', 0, 0, 0, '', '', '', 3, 0, 0, 0, 0, 0),
(58, 0, 3, 31337, 6, '0|0|0|0|0|0|0', '0|0|0|0|0|0|0|0|0', '0|0|0|0', 0, 0, 0, 0, 0, 2787.07, -1952.47, 13.5469, 265.996, 2774.66, -1955.13, 13.1396, 0.5217, 0, '', 0, 0, 0, '', '', '', 3, 0, 0, 0, 0, 0),
(59, 0, 3, 31117, 6, '0|0|0|0|0|0|0', '0|0|0|0|0|0|0|0|0', '0|0|0|0', 0, 0, 0, 0, 0, 2787.08, -1926.22, 13.5469, 273.516, 2774.65, -1936.53, 13.1373, 359.299, 0, '', 0, 0, 0, '', '', '', 3, 0, 0, 0, 0, 0),
(60, 0, 3, 35000, 6, '0|0|0|0|0|0|0', '0|0|0|0|0|0|0|0|0', '0|0|0|0', 0, 0, 0, 0, 0, 2801.92, -1936.4, 13.5469, 94.9381, 2817.71, -1932.96, 10.7482, 180.627, 0, '', 0, 0, 0, '', '', '', 3, 0, 0, 0, 0, 0),
(61, 0, 3, 34333, 6, '0|0|0|0|0|0|0', '0|0|0|0|0|0|0|0|0', '0|0|0|0', 0, 0, 0, 0, 0, 2801.92, -1962.84, 13.5469, 96.5048, 2817.61, -1968.8, 10.7419, 179.959, 0, '', 0, 0, 0, '', '', '', 3, 0, 0, 0, 0, 0),
(62, 0, 3, 31117, 6, '0|0|0|0|0|0|0', '0|0|0|0|0|0|0|0|0', '0|0|0|0', 0, 0, 0, 0, 0, 2695.44, -2020.55, 14.0223, 184.239, 2685.5, -2018.48, 13.2694, 180.456, 0, '', 0, 0, 0, '', '', '', 3, 0, 0, 0, 0, 0),
(63, 0, 3, 20000, 23, '0|0|0|0|0|0|0', '0|0|0|0|0|0|0|0|0', '0|0|0|0', 0, 0, 0, 0, 0, 2696.43, -1990.36, 14.2229, 5.71247, 2696.94, -1999.08, 13.1453, 89.5702, 0, '', 0, 0, 0, '', '', '', 3, 0, 0, 0, 0, 0),
(64, 0, 3, 25333, 6, '0|0|0|0|0|0|0', '0|0|0|0|0|0|0|0|0', '0|0|0|0', 0, 0, 0, 0, 0, 2672.66, -1989.47, 14.324, 2.50382, 2673.94, -1998.8, 13.1866, 90.1597, 0, '', 0, 0, 0, '', '', '', 3, 0, 0, 0, 0, 0),
(65, 0, 3, 30000, 5, '0|0|0|0|0|0|0', '0|0|0|0|0|0|0|0|0', '0|0|0|0', 0, 0, 0, 0, 0, 2673.28, -2020.29, 14.1682, 177.659, 2665.42, -2009.21, 13.1934, 270.784, 0, '', 0, 0, 0, '', '', '', 3, 0, 0, 0, 0, 0),
(66, 0, 3, 18000, 3, '0|0|0|0|0|0|0', '0|0|0|0|0|0|0|0|0', '0|0|0|0', 0, 0, 0, 0, 0, 2652.72, -1989.43, 13.9988, 0.699135, 2659.32, -1998.89, 13.1933, 90.41, 0, '', 0, 0, 0, '', '', '', 3, 0, 0, 0, 0, 0),
(67, 0, 10, 35000, 6, '0|0|0|0|0|0|0', '10000|0|10000|0|0|0|10000|0|0', '62|0|0|285', 0, 0, 0, 170, 0, 2635.62, -2012.94, 14.1443, 120.945, 2644.11, -2016.76, 13.2802, 181.472, 8, 'Lesha_Patton', 0, 0, 0, '', '', '', 3, 0, 0, 0, 0, 0),
(68, 0, 3, 25000, 3, '0|0|0|0|0|0|0', '0|0|0|0|0|0|0|0|0', '0|0|0|0', 0, 0, 0, 0, 0, 2637.14, -1991.65, 14.324, 43.6262, 2636.87, -1999.49, 13.2794, 85.1717, 0, '', 0, 0, 0, '', '', '', 3, 0, 0, 0, 0, 0),
(69, 0, 3, 31337, 6, '0|0|0|0|0|0|0', '0|0|0|0|0|0|0|0|0', '0|0|0|0', 0, 0, 0, 0, 0, 2465.09, -1996, 13.6889, 357.954, 2474.15, -1994.68, 13.275, 0.137, 0, '', 0, 0, 0, '', '', '', 3, 0, 0, 0, 0, 0),
(70, 0, 3, 30000, 6, '0|0|0|0|0|0|0', '0|0|0|0|0|0|0|0|0', '0|0|0|0', 0, 0, 0, 0, 0, 2483.33, -1995.35, 13.8343, 6.10069, 2495.05, -1995.32, 13.2411, 359.163, 0, '', 0, 0, 0, '', '', '', 3, 0, 0, 0, 0, 0),
(71, 0, 3, 29999, 6, '0|0|0|0|0|0|0', '0|0|0|0|0|0|0|0|0', '0|0|0|0', 0, 0, 0, 0, 0, 2508.06, -1998.38, 13.9025, 356.074, 2509.65, -2004.46, 13.1347, 90.0054, 0, '', 0, 0, 0, '', '', '', 3, 0, 0, 0, 0, 0),
(72, 1, 3, 35000, 6, '0|0|0|0|0|0|0', '0|0|0|0|0|0|0|0|0', '0|0|0|0', 0, 0, 0, 0, 0, 2524.33, -1998.29, 14.1131, 307.194, 2527.02, -2006.51, 13.2773, 268.422, 0, '', 0, 0, 0, '', '', '', 3, 0, 0, 0, 0, 0),
(73, 0, 3, 31337, 6, '0|0|0|0|0|0|0', '0|0|0|0|0|0|0|0|0', '0|0|0|0', 0, 0, 0, 0, 0, 2522.7, -2019.05, 14.0744, 219.146, 2530.47, -2012.69, 13.2807, 271.662, 0, '', 0, 0, 0, '', '', '', 3, 0, 0, 0, 0, 0),
(74, 0, 3, 35000, 6, '0|0|0|0|0|0|0', '0|0|0|0|0|0|0|0|0', '0|0|0|0', 0, 0, 0, 0, 0, 2507.89, -2021.05, 14.2101, 180.292, 2507.75, -2014.75, 13.1348, 269.552, 0, '', 0, 0, 0, '', '', '', 3, 0, 0, 0, 0, 0),
(75, 0, 3, 19000, 3, '0|0|0|0|0|0|0', '0|0|0|0|0|0|0|0|0', '0|0|0|0', 0, 0, 0, 0, 0, 2465.45, -2020.79, 14.1242, 190.014, 2464.84, -2014.76, 13.1369, 269.842, 0, '', 0, 0, 0, '', '', '', 3, 0, 0, 0, 0, 0),
(76, 0, 3, 31337, 6, '0|0|0|0|0|0|0', '0|0|0|0|0|0|0|0|0', '0|0|0|0', 0, 0, 0, 0, 0, 2486.48, -2021.54, 13.9988, 178.413, 2485.01, -2014.77, 13.135, 272.565, 0, '', 0, 0, 0, '', '', '', 3, 0, 0, 0, 0, 0),
(77, 0, 3, 18000, 0, '0|0|0|0|0|0|0', '0|0|0|0|0|0|0|0|0', '0|0|0|0', 0, 0, 0, 0, 1, 2437.88, -2020.84, 13.9025, 183.121, 2439.55, -2014.92, 13.1696, 271.908, 0, '', 0, 0, 0, '', '', '', 3, 0, 0, 0, 0, 0),
(78, 0, 3, 30000, 33, '0|0|0|0|0|0|0', '0|0|0|0|0|0|0|0|0', '0|0|0|0', 0, 0, 0, 0, 0, 2385.18, -1711.66, 14.2422, 1.34944, 2390.3, -1716.57, 13.3359, 1.0235, 0, '', 0, 0, 0, '', '', '', 3, 0, 0, 0, 0, 0),
(79, 1, 3, 37000, 17, '0|0|0|0|0|0|0', '0|0|0|0|0|0|0|0|0', '0|0|0|0', 0, 0, 0, 0, 0, 2326.83, -1716.71, 14.2379, 0.699695, 2319.35, -1715.23, 13.2691, 1.9065, 0, '', 0, 0, 0, '', '', '', 3, 0, 0, 0, 0, 0),
(80, 1, 3, 50000, 19, '0|0|0|0|0|0|0', '0|0|0|0|0|0|0|0|0', '0|0|0|0', 0, 0, 0, 0, 0, 2308.75, -1714.33, 14.9801, 8.21984, 2310.58, -1727.13, 13.189, 90.6798, 0, '', 0, 0, 0, '', '', '', 3, 0, 0, 0, 0, 0),
(81, 0, 3, 15000, 3, '0|0|0|0|0|0|0', '0|0|0|0|0|0|0|0|0', '0|0|0|0', 0, 0, 0, 0, 0, 2247.69, -1469.34, 24.4801, 354.582, 2247.49, -1478.97, 23.0324, 273.169, 0, '', 0, 0, 0, '', '', '', 3, 0, 0, 0, 0, 0),
(82, 0, 3, 14000, 3, '0|0|0|0|0|0|0', '0|0|0|0|0|0|0|0|0', '0|0|0|0', 0, 0, 0, 0, 0, 2256.44, -1397.07, 24.2433, 192.544, 2255.49, -1389.44, 23.6374, 269.357, 0, '', 0, 0, 0, '', '', '', 3, 0, 0, 0, 0, 0),
(83, 0, 3, 15000, 3, '0|0|0|0|0|0|0', '0|0|0|0|0|0|0|0|0', '0|0|0|0', 0, 0, 0, 0, 1, 2263.99, -1469.34, 24.3707, 3.66906, 2260.14, -1478.79, 22.6737, 270.04, 0, '', 0, 0, 0, '', '', '', 3, 0, 0, 0, 0, 0),
(84, 0, 3, 14337, 3, '0|0|0|0|0|0|0', '0|0|0|0|0|0|0|0|0', '0|0|0|0', 0, 0, 0, 0, 1, 2243.49, -1396.65, 24.2433, 181.264, 2242.4, -1389.43, 23.6365, 270.379, 0, '', 0, 0, 0, '', '', '', 3, 0, 0, 0, 0, 0),
(85, 0, 3, 15000, 3, '0|0|0|0|0|0|0', '0|0|0|0|0|0|0|0|0', '0|0|0|0', 0, 0, 0, 0, 0, 2232.52, -1469.34, 24.5816, 3.35573, 2230.43, -1478.77, 23.4801, 273.161, 0, '', 0, 0, 0, '', '', '', 3, 0, 0, 0, 0, 0),
(86, 0, 3, 25000, 5, '0|0|0|0|0|0|0', '0|0|0|0|0|0|0|0|0', '0|0|0|0', 0, 0, 0, 0, 0, 2230.57, -1396.2, 24, 174.997, 2227.58, -1389.56, 23.6332, 270.64, 0, '', 0, 0, 0, '', '', '', 3, 0, 0, 0, 0, 0),
(87, 1, 3, 51337, 28, '0|0|0|0|0|0|0', '0|0|0|0|0|0|0|0|0', '0|0|0|0', 0, 0, 0, 0, 0, 2148.93, -1484.81, 26.6242, 268.385, 2134.49, -1479.62, 23.619, 359.474, 0, '', 0, 0, 0, '', '', '', 3, 0, 0, 0, 0, 0),
(88, 0, 3, 25000, 5, '0|0|0|0|0|0|0', '0|0|0|0|0|0|0|0|0', '0|0|0|0', 0, 0, 0, 0, 0, 2145.71, -1470.4, 25.5467, 269.638, 2134.56, -1468.58, 23.616, 359.715, 0, '', 0, 0, 0, '', '', '', 3, 0, 0, 0, 0, 0),
(89, 0, 3, 20000, 6, '0|0|0|0|0|0|0', '0|0|0|0|0|0|0|0|0', '0|0|0|0', 0, 0, 0, 0, 0, 2152.21, -1446.4, 26.1051, 272.771, 2134.61, -1454.04, 23.6229, 359.716, 0, '', 0, 0, 0, '', '', '', 3, 0, 0, 0, 0, 0),
(90, 0, 3, 18000, 9, '0|0|0|0|0|0|0', '0|0|0|0|0|0|0|0|0', '0|0|0|0', 0, 0, 0, 0, 0, 2190.45, -1470.3, 25.9141, 91.09, 2207.04, -1470.53, 23.6233, 177.463, 0, '', 0, 0, 0, '', '', '', 3, 0, 0, 0, 0, 0),
(91, 0, 3, 25000, 6, '0|0|0|0|0|0|0', '0|0|0|0|0|0|0|0|0', '0|0|0|0', 0, 0, 0, 0, 0, 2149.39, -1433.54, 25.8708, 270.265, 2134.89, -1435.09, 23.6267, 359.337, 0, '', 0, 0, 0, '', '', '', 3, 0, 0, 0, 0, 0),
(92, 0, 3, 25000, 1, '0|0|0|0|0|0|0', '0|0|0|0|0|0|0|0|0', '0|0|0|0', 0, 0, 0, 0, 1, 2150.92, -1418.98, 25.9219, 269.325, 2135.09, -1419.22, 23.6275, 1.8132, 0, '', 0, 0, 0, '', '', '', 3, 0, 0, 0, 0, 0),
(93, 0, 2, 14000, 3, '0|0|0|0|0|0|0', '0|0|0|0|0|0|0|0|0', '0|0|0|0', 0, 0, 0, 0, 0, 2151.17, -1400.63, 26.1285, 271.205, 2134.53, -1401.98, 23.6404, 358.885, 0, '', 0, 0, 0, '', '', '', 3, 0, 0, 0, 0, 0),
(94, 0, 3, 25000, 5, '0|0|0|0|0|0|0', '0|0|0|0|0|0|0|0|0', '0|0|0|0', 0, 0, 0, 0, 0, 2129.67, -1361.69, 26.1363, 359.229, 2132.29, -1379.31, 23.628, 270.141, 0, '', 0, 0, 0, '', '', '', 3, 0, 0, 0, 0, 0),
(95, 0, 3, 18000, 9, '0|0|0|0|0|0|0', '0|0|0|0|0|0|0|0|0', '0|0|0|0', 0, 0, 0, 0, 0, 2191.1, -1455.8, 26, 91.7402, 2206.62, -1456.39, 23.6713, 181.561, 0, '', 0, 0, 0, '', '', '', 3, 0, 0, 0, 0, 0),
(96, 0, 3, 25000, 6, '0|0|0|0|0|0|0', '0|0|0|0|0|0|0|0|0', '0|0|0|0', 0, 0, 0, 0, 0, 2147.7, -1366.16, 25.9723, 3.61541, 2146.41, -1379.36, 23.6302, 270.052, 0, '', 0, 0, 0, '', '', '', 3, 0, 0, 0, 0, 0),
(97, 0, 3, 25000, 6, '0|0|0|0|0|0|0', '0|0|0|0|0|0|0|0|0', '0|0|0|0', 0, 0, 0, 0, 0, 2185.16, -1363.71, 26.1598, 357.662, 2186.12, -1379.22, 23.6381, 268.762, 0, '', 0, 0, 0, '', '', '', 3, 0, 0, 0, 0, 0),
(98, 0, 3, 14000, 3, '0|0|0|0|0|0|0', '0|0|0|0|0|0|0|0|0', '0|0|0|0', 0, 0, 0, 0, 1, 2202.72, -1363.67, 26.191, 359.543, 2203.35, -1379.42, 23.6379, 269.885, 0, '', 0, 0, 0, '', '', '', 3, 0, 0, 0, 0, 0),
(99, 0, 1, 20000, 5, '0|0|0|0|0|0|0', '0|0|0|0|0|0|0|0|0', '0|0|0|0', 0, 0, 0, 0, 0, 2250.36, -1280.05, 25.4766, 359.876, 2256.15, -1286.92, 24.3638, 0.5434, 0, '', 0, 0, 0, '', '', '', 3, 0, 0, 0, 0, 0),
(100, 0, 3, 23000, 5, '0|0|0|0|0|0|0', '0|0|0|0|0|0|0|0|0', '0|0|0|0', 0, 0, 0, 0, 0, 2230.22, -1280.07, 25.6285, 0.189745, 2229.48, -1295.57, 23.6305, 268.37, 0, '', 0, 0, 0, '', '', '', 3, 0, 0, 0, 0, 0),
(101, 0, 3, 21337, 6, '0|0|0|0|0|0|0', '0|0|0|0|0|0|0|0|0', '0|0|0|0', 0, 0, 0, 0, 1, 2207.95, -1280.82, 25.1207, 359.876, 2210.47, -1295.77, 23.6238, 268.862, 0, '', 0, 0, 0, '', '', '', 3, 0, 0, 0, 0, 0),
(102, 1, 3, 30000, 1, '0|0|0|0|0|0|0', '0|0|0|0|0|0|0|0|0', '0|0|0|0', 0, 0, 0, 0, 1, 2191.51, -1275.6, 25.1562, 3.94958, 2196.81, -1285.09, 23.9758, 359.716, 0, '', 0, 0, 0, '', '', '', 3, 0, 0, 0, 0, 0),
(103, 1, 5, 25000, 6, '0|0|0|0|0|0|0', '0|0|0|0|0|0|0|0|0', '0|0|0|0', 0, 0, 0, 0, 1, 2132.3, -1280.05, 25.8906, 356.69, 0, 0, 0, 0, 7, 'Jon_Tryman', 0, 0, 0, '', '', '', 3, 0, 0, 0, 0, 0),
(104, 0, 12, 15000, 3, '0|0|0|0|0|0|0', '0|0|0|0|0|0|0|0|0', '0|0|0|0', 0, 0, 0, 0, 0, 2150.1, -1285.04, 24.5269, 4.83703, 0, 0, 0, 0, 797, 'Jacob_Krendy', 0, 0, 0, '', '', '', 3, 0, 0, 0, 0, 0),
(105, 0, 3, 23000, 6, '0|0|0|0|0|0|0', '0|0|0|0|0|0|0|0|0', '0|0|0|0', 0, 0, 0, 0, 0, 2148.47, -1320.08, 26.0738, 178.112, 2144.45, -1305.77, 23.6387, 270.783, 0, '', 0, 0, 0, '', '', '', 3, 0, 0, 0, 0, 0),
(106, 0, 3, 55000, 28, '0|0|0|0|0|0|0', '0|0|0|0|0|0|0|0|0', '0|0|0|0', 0, 0, 0, 0, 1, 2126.63, -1320.85, 26.624, 181.872, 2132.25, -1305.88, 23.6421, 270.651, 0, '', 0, 0, 0, '', '', '', 3, 0, 0, 0, 0, 0),
(107, 0, 2, 20000, 5, '0|0|0|0|0|0|0', '0|0|0|543|0|300|460|0|0', '137|0|0|292', 3617, 876, 0, 0, 1, 2100.94, -1321.89, 25.9531, 184.065, 2099.88, -1306.28, 23.6346, 271.009, 1192, 'John_Obormot', 0, 0, 0, '', '', '', 3, 0, 0, 0, 0, 0),
(108, 0, 3, 20000, 6, '0|0|0|0|0|0|0', '0|0|0|0|0|0|0|0|0', '0|0|0|0', 0, 0, 0, 0, 0, 2090.93, -1277.84, 26.1797, 9.537, 0, 0, 0, 0, 0, '', 0, 0, 0, '', '', '', 3, 0, 0, 0, 0, 0),
(109, 0, 3, 25000, 5, '0|0|0|0|0|0|0', '0|0|0|0|0|0|0|0|0', '0|0|0|0', 0, 0, 0, 0, 0, 2111.17, -1278.98, 25.8359, 356.69, 2102.39, -1274.49, 25.1155, 359.68, 0, '', 0, 0, 0, '', '', '', 3, 0, 0, 0, 0, 0),
(110, 0, 3, 17000, 3, '0|0|0|0|0|0|0', '0|0|0|0|0|0|0|0|0', '0|0|0|0', 0, 0, 0, 0, 0, 2196.21, -1404.12, 25.9488, 94.5602, 2207.58, -1402.32, 23.629, 181.142, 0, '', 0, 0, 0, '', '', '', 3, 0, 0, 0, 0, 0),
(111, 0, 3, 25000, 5, '0|0|0|0|0|0|0', '0|0|0|0|0|0|0|0|0', '0|0|0|0', 0, 0, 0, 0, 0, 2250.04, -1238.77, 25.8984, 184.12, 2251.25, -1226.07, 23.6168, 89.2161, 0, '', 0, 0, 0, '', '', '', 3, 0, 0, 0, 0, 0),
(112, 1, 3, 21337, 6, '0|0|0|0|0|0|0', '0|0|0|0|0|0|0|0|0', '0|0|0|0', 0, 0, 0, 0, 0, 2229.75, -1241.61, 25.6562, 174.407, 2226.83, -1225.89, 23.6134, 91.3782, 0, '', 0, 0, 0, '', '', '', 3, 0, 0, 0, 0, 0),
(113, 0, 3, 25000, 5, '0|0|0|0|0|0|0', '0|0|0|0|0|0|0|0|0', '0|0|0|0', 0, 0, 0, 0, 0, 2209.63, -1240.25, 24.4801, 191.64, 2211.41, -1225.9, 23.6165, 90.2256, 0, '', 0, 0, 0, '', '', '', 3, 0, 0, 0, 0, 0),
(114, 0, 3, 15000, 3, '0|0|0|0|0|0|0', '0|0|0|0|0|0|0|0|0', '0|0|0|0', 0, 0, 0, 0, 0, 2090.9, -1235.18, 26.0191, 166.941, 2090.78, -1226.28, 23.6159, 92.5578, 0, '', 0, 0, 0, '', '', '', 3, 0, 0, 0, 0, 0),
(115, 0, 3, 21337, 6, '0|0|0|0|0|0|0', '0|0|0|0|0|0|0|0|0', '0|0|0|0', 0, 0, 0, 0, 0, 2191.77, -1239.23, 24.4879, 188.82, 2190.96, -1226.04, 23.6159, 88.6142, 0, '', 0, 0, 0, '', '', '', 3, 0, 0, 0, 0, 0),
(116, 0, 2, 18000, 0, '0|0|0|0|0|0|0', '0|0|0|0|0|0|0|0|0', '0|0|0|0', 0, 0, 0, 0, 0, 2111.04, -1244.4, 25.8516, 186.681, 2105.21, -1239.33, 24.4532, 179.915, 0, '', 0, 0, 0, '', '', '', 3, 0, 0, 0, 0, 0),
(117, 0, 3, 25000, 6, '0|0|0|0|0|0|0', '0|0|0|0|0|0|0|0|0', '0|0|0|0', 0, 0, 0, 0, 0, 2153.66, -1243.81, 25.3672, 183.493, 2147.8, -1238.23, 24.1665, 184.518, 0, '', 0, 0, 0, '', '', '', 3, 0, 0, 0, 0, 0),
(118, 0, 3, 21337, 5, '0|0|0|0|0|0|0', '0|0|0|0|0|0|0|0|0', '0|0|0|0', 0, 0, 0, 0, 0, 2510.57, -1132.68, 41.6207, 272.85, 2505.21, -1145.29, 39.1832, 274.118, 0, '', 0, 0, 0, '', '', '', 3, 0, 0, 0, 0, 0),
(119, 0, 3, 25000, 6, '0|0|0|0|0|0|0', '0|0|0|0|0|0|0|0|0', '0|0|0|0', 0, 0, 0, 0, 0, 2487.91, -1135.24, 39.5859, 356.511, 2485, -1145.28, 37.4189, 269.873, 0, '', 0, 0, 0, '', '', '', 3, 0, 0, 0, 0, 0),
(120, 0, 3, 40000, 14, '0|0|0|0|0|0|0', '0|0|0|0|0|0|0|0|0', '0|0|0|0', 0, 0, 0, 0, 0, 2073.31, -965.141, 49.3904, 344.624, 2070.1, -974.674, 48.1494, 254.254, 0, '', 0, 0, 0, '', '', '', 3, 0, 0, 0, 0, 0),
(121, 1, 3, 50000, 14, '0|0|0|0|0|0|0', '0|0|0|0|0|0|0|0|0', '0|0|0|0', 0, 0, 0, 0, 0, 2427.45, -1135.77, 34.7109, 12.4912, 2423.11, -1146.52, 31.3789, 272.436, 0, '', 0, 0, 0, '', '', '', 3, 0, 0, 0, 0, 0),
(122, 0, 3, 25000, 1, '0|0|0|0|0|0|0', '0|0|0|0|0|0|0|0|0', '0|0|0|0', 0, 0, 0, 0, 0, 2015.42, -977.657, 36.9531, 35.6978, 2016.65, -983.089, 35.7425, 296.014, 0, '', 0, 0, 0, '', '', '', 3, 0, 0, 0, 0, 0),
(123, 0, 3, 25000, 6, '0|0|0|0|0|0|0', '0|0|0|0|0|0|0|0|0', '0|0|0|0', 0, 0, 0, 0, 0, 2394.99, -1133.54, 30.7188, 7.47785, 2399.79, -1137.74, 29.7795, 1.373, 0, '', 0, 0, 0, '', '', '', 3, 0, 0, 0, 0, 0),
(124, 0, 3, 25333, 6, '0|0|0|0|0|0|0', '0|0|0|0|0|0|0|0|0', '0|0|0|0', 0, 0, 0, 0, 0, 2373.98, -1138.92, 29.0588, 6.2245, 2373.3, -1149, 27.2598, 270.07, 0, '', 0, 0, 0, '', '', '', 3, 0, 0, 0, 0, 0),
(125, 0, 3, 30000, 11, '0|0|0|0|0|0|0', '0|0|0|0|0|0|0|0|0', '0|0|0|0', 0, 0, 0, 0, 0, 2049.01, -987.278, 44.9788, 184.219, 2043.87, -983.872, 42.8503, 104.85, 0, '', 0, 0, 0, '', '', '', 3, 0, 0, 0, 0, 0),
(126, 0, 3, 25000, 6, '0|0|0|0|0|0|0', '0|0|0|0|0|0|0|0|0', '0|0|0|0', 0, 0, 0, 0, 0, 2407.98, -1106.97, 40.2957, 184.893, 2407.64, -1094.35, 39.1578, 102.783, 0, '', 0, 0, 0, '', '', '', 3, 0, 0, 0, 0, 0),
(127, 0, 1, 19000, 1, '0|0|0|0|0|0|0', '0|0|0|0|0|0|0|0|0', '0|0|0|0', 0, 0, 0, 0, 0, 2066.18, -993.204, 48.7996, 167.612, 2066.75, -984.149, 47.8215, 78.0572, 0, '', 0, 0, 0, '', '', '', 3, 0, 0, 0, 0, 0),
(128, 0, 3, 25000, 6, '0|0|0|0|0|0|0', '0|0|0|0|0|0|0|0|0', '0|0|0|0', 0, 0, 0, 0, 0, 2438.62, -1105.79, 43.0816, 175.18, 2433.91, -1090.73, 41.8729, 92.7211, 0, '', 0, 0, 0, '', '', '', 3, 0, 0, 0, 0, 0),
(129, 1, 3, 27000, 6, '0|0|0|0|0|0|0', '0|0|0|0|0|0|0|0|0', '0|0|0|0', 0, 0, 0, 0, 0, 2457.19, -1102.5, 43.8672, 180.193, 2456.07, -1092.6, 42.5573, 85.4516, 0, '', 0, 0, 0, '', '', '', 3, 0, 0, 0, 0, 0),
(130, 0, 3, 17000, 0, '0|0|0|0|0|0|0', '0|0|0|0|0|0|0|0|0', '0|0|0|0', 0, 0, 0, 0, 0, 2089.32, -996.197, 53.0627, 157.899, 2092.23, -990.608, 52.3868, 74.646, 0, '', 0, 0, 0, '', '', '', 3, 0, 0, 0, 0, 0),
(131, 1, 3, 27777, 6, '0|0|0|0|0|0|0', '0|0|0|0|0|0|0|0|0', '0|0|0|0', 0, 0, 0, 0, 0, 2470.79, -1105.32, 44.4879, 175.807, 2471.89, -1093.95, 44.4217, 83.032, 0, '', 0, 0, 0, '', '', '', 3, 0, 0, 0, 0, 0),
(132, 0, 3, 27000, 23, '0|0|0|0|0|0|0', '0|0|0|0|0|0|0|0|0', '0|0|0|0', 0, 0, 0, 0, 0, 2108.84, -1000.76, 60.5078, 168.239, 2114.63, -996.88, 56.3311, 74.4381, 0, '', 0, 0, 0, '', '', '', 3, 0, 0, 0, 0, 0),
(133, 0, 11, 25000, 5, '0|0|0|0|0|0|0', '970|0|1000|0|0|0|1009|0|0', '233|0|0|285', 0, 0, 0, 5, 0, 2519.03, -1113.04, 56.5926, 93.0858, 2523.96, -1096.94, 56.148, 279.134, 1516, 'Nastya_Mironova', 0, 0, 0, '', '', '', 3, 0, 0, 0, 0, 0),
(134, 0, 3, 25000, 5, '0|0|0|0|0|0|0', '0|0|0|0|0|0|0|0|0', '0|0|0|0', 0, 0, 0, 0, 1, 2572.35, -1091.8, 67.2257, 224.374, 2563.28, -1095, 66.0141, 232.164, 0, '', 0, 0, 0, '', '', '', 3, 0, 0, 0, 0, 0),
(135, 0, 3, 25000, 6, '0|0|0|0|0|0|0', '0|0|0|0|0|0|0|0|0', '0|0|0|0', 0, 0, 0, 0, 0, 2576.68, -1070.62, 69.8322, 264.481, 2566.06, -1066.87, 68.9645, 172.553, 0, '', 0, 0, 0, '', '', '', 3, 0, 0, 0, 0, 0),
(136, 0, 3, 27000, 10, '0|0|0|0|0|0|0', '0|0|0|0|0|0|0|0|0', '0|0|0|0', 0, 0, 0, 0, 0, 2139.81, -1008.44, 61.986, 159.756, 2138.23, -1003.87, 60.9445, 71.094, 0, '', 0, 0, 0, '', '', '', 3, 0, 0, 0, 0, 0),
(137, 1, 3, 80000, 2, '0|0|0|0|0|0|0', '0|0|0|0|0|0|0|0|0', '0|0|0|0', 0, 0, 0, 0, 0, 1325.95, -1066.97, 31.5547, 94.806, 0, 0, 0, 0, 0, '', 0, 0, 0, '', '', '', 3, 0, 0, 0, 0, 0),
(138, 1, 3, 80000, 2, '0|0|0|0|0|0|0', '0|0|0|0|0|0|0|0|0', '0|0|0|0', 0, 0, 0, 0, 1, 1326.26, -1091.22, 27.9766, 92.926, 0, 0, 0, 0, 0, '', 0, 0, 0, '', '', '', 3, 0, 0, 0, 0, 0),
(139, 1, 3, 80000, 2, '0|0|0|0|0|0|0', '0|0|0|0|0|0|0|0|0', '0|0|0|0', 0, 0, 0, 0, 0, 1285.26, -1089.54, 28.2578, 269.938, 0, 0, 0, 0, 0, '', 0, 0, 0, '', '', '', 3, 0, 0, 0, 0, 0),
(140, 1, 3, 75000, 2, '0|0|0|0|0|0|0', '0|0|0|0|0|0|0|0|0', '0|0|0|0', 0, 0, 0, 0, 1, 1285.24, -1065.51, 31.6789, 274.638, 0, 0, 0, 0, 0, '', 0, 0, 0, '', '', '', 3, 0, 0, 0, 0, 0),
(141, 1, 29, 80000, 2, '0|0|0|0|0|0|0', '0|0|0|0|0|0|0|0|0', '47|0|0|0', 0, 0, 0, 0, 0, 1241.95, -1075.01, 31.5547, 90.7327, 0, 0, 0, 0, 0, '', 0, 0, 0, '', '', '', 3, 0, 0, 0, 0, 0),
(142, 1, 3, 80000, 2, '0|0|0|0|0|0|0', '0|0|0|0|0|0|0|0|0', '0|0|0|0', 0, 0, 0, 0, 0, 1242.26, -1101.06, 27.9766, 91.0461, 0, 0, 0, 0, 0, '', 0, 0, 0, '', '', '', 3, 0, 0, 0, 0, 0),
(143, 1, 3, 80000, 2, '0|0|0|0|0|0|0', '0|0|0|0|0|0|0|0|0', '0|0|0|0', 0, 0, 0, 0, 0, 1183.47, -1074.37, 31.6789, 269.648, 0, 0, 0, 0, 0, '', 0, 0, 0, '', '', '', 3, 0, 0, 0, 0, 0),
(144, 1, 3, 80000, 2, '0|0|0|0|0|0|0', '0|0|0|0|0|0|0|0|0', '0|0|0|0', 0, 0, 0, 0, 0, 1183.47, -1100.73, 28.2578, 269.961, 0, 0, 0, 0, 0, '', 0, 0, 0, '', '', '', 3, 0, 0, 0, 0, 0),
(145, 1, 3, 77000, 2, '0|0|0|0|0|0|0', '0|0|0|0|0|0|0|0|0', '0|0|0|0', 0, 0, 0, 0, 0, 1142.13, -1094.76, 28.1875, 91.0694, 0, 0, 0, 0, 0, '', 0, 0, 0, '', '', '', 3, 0, 0, 0, 0, 0),
(146, 1, 3, 75000, 8, '0|0|0|0|0|0|0', '0|0|0|0|0|0|0|0|0', '0|0|0|0', 0, 0, 0, 0, 0, 1141.8, -1068.43, 31.7656, 92.9494, 0, 0, 0, 0, 0, '', 0, 0, 0, '', '', '', 3, 0, 0, 0, 0, 0),
(147, 1, 3, 40000, 31, '0|0|0|0|0|0|0', '0|0|0|0|0|0|0|0|0', '0|0|0|0', 0, 0, 0, 0, 0, 2045.18, -1116.65, 26.3617, 243.35, 0, 0, 0, 0, 0, '', 0, 0, 0, '', '', '', 3, 0, 0, 0, 0, 0),
(148, 0, 3, 35000, 6, '0|0|0|0|0|0|0', '0|0|0|0|0|0|0|0|0', '0|0|0|0', 0, 0, 0, 0, 0, 2094.01, -1123.16, 27.6899, 359.37, 2077.1, -1118.68, 23.8991, 1.765, 0, '', 0, 0, 0, '', '', '', 3, 0, 0, 0, 0, 0),
(149, 1, 3, 40000, 24, '0|0|0|0|0|0|0', '0|0|0|0|0|0|0|0|0', '0|0|0|0', 0, 0, 0, 0, 0, 2022.95, -1120.26, 26.421, 358.562, 2025.42, -1130.57, 24.4179, 87.7701, 0, '', 0, 0, 0, '', '', '', 3, 0, 0, 0, 0, 0),
(150, 0, 3, 29000, 6, '0|0|0|0|0|0|0', '0|0|0|0|0|0|0|0|0', '0|0|0|0', 0, 0, 0, 0, 0, 2095.36, -1145.27, 26.5929, 273.203, 2076.84, -1150.63, 23.5299, 358.45, 0, '', 0, 0, 0, '', '', '', 3, 0, 0, 0, 0, 0),
(151, 0, 3, 35000, 6, '0|0|0|0|0|0|0', '0|0|0|0|0|0|0|0|0', '0|0|0|0', 0, 0, 0, 0, 1, 2092.24, -1166.51, 26.5859, 268.19, 2076.74, -1166.15, 23.4579, 2.3235, 0, '', 0, 0, 0, '', '', '', 3, 0, 0, 0, 0, 0),
(152, 0, 3, 19000, 3, '0|0|0|0|0|0', '0|0|0|0|0|0|0|0|0', '0|0|0|0', 0, 0, 0, 0, 0, 1955.12, -1115.23, 27.8305, 91.9597, 1952.36, -1130.29, 25.4303, 91.7015, 0, '', 0, 0, 0, '', '', '', 3, 0, 0, 0, 0, 0),
(153, 1, 3, 31337, 1, '0|0|0|0|0|0|0', '0|0|0|0|0|0|0|0|0', '0|0|0|0', 0, 0, 0, 0, 0, 2091.68, -1184.3, 27.0571, 4.0704, 2076.62, -1188.12, 23.4708, 355.962, 0, '', 0, 0, 0, '', '', '', 3, 0, 0, 0, 0, 0),
(154, 0, 3, 23000, 9, '0|0|0|0|0|0|0', '0|0|0|0|0|0|0|0|0', '0|0|0|0', 0, 0, 0, 0, 1, 1939.15, -1114.48, 27.4523, 359.839, 0, 0, 0, 0, 0, '', 0, 0, 0, '', '', '', 3, 0, 0, 0, 0, 0),
(155, 0, 3, 23000, 9, '0|0|0|0|0|0|0', '0|0|0|0|0|0|0|0|0', '0|0|0|0', 0, 0, 0, 0, 0, 1921.31, -1115.35, 27.0883, 91.3331, 1918.12, -1130.23, 24.5767, 86.8188, 0, '', 0, 0, 0, '', '', '', 3, 0, 0, 0, 0, 0),
(156, 0, 3, 35000, 5, '1|1|1|1|1|1|1', '0|0|0|0|0|0|0|0|0', '0|0|0|0', 0, 0, 0, 0, 1, 1885.88, -1113.59, 26.2758, 93.6481, 1890.7, -1130.37, 23.8864, 88.9511, 54, 'Ryan_Marrero', 0, 0, 0, '', '', '', 3, 0, 0, 0, 0, 0),
(157, 0, 3, 35000, 23, '0|0|0|0|0|0|0', '0|0|0|0|0|0|0|0|0', '0|0|0|0', 0, 0, 0, 0, 1, 1906.08, -1112.94, 26.6641, 354.826, 0, 0, 0, 0, 0, '', 0, 0, 0, '', '', '', 3, 0, 0, 0, 0, 0),
(158, 0, 12, 15000, 3, '0|0|0|0|0|0|0', '0|0|0|0|0|0|0|0|0', '0|0|0|0', 2105, 0, 0, 0, 0, 2023.04, -1052.88, 25.5961, 61.4109, 2015.19, -1059.59, 24.2737, 249.421, 266, 'Miguel_Garcia', 0, 0, 0, '', '', '', 3, 0, 0, 0, 0, 0),
(159, 0, 3, 25000, 6, '0|0|0|0|0|0|0', '0|0|0|0|0|0|0|0|0', '0|0|0|0', 0, 0, 0, 0, 0, 2077.42, -1057.07, 31.3466, 136.604, 2080.24, -1054.07, 30.486, 56.9201, 0, '', 0, 0, 0, '', '', '', 3, 0, 0, 0, 0, 0),
(160, 0, 12, 15000, 3, '0|0|0|0|0|0|0', '0|0|535|0|0|0|368|0|0', '78|0|0|223', 6623, 0, 0, 0, 0, 2035.84, -1059.28, 25.6508, 65.7976, 2033.32, -1067.37, 24.3877, 245.074, 1143, 'Evaristo_Alfano', 0, 0, 0, '', '', '', 3, 0, 0, 0, 0, 0),
(161, 0, 3, 20000, 5, '0|0|0|0|0|0|0', '0|0|0|0|0|0|0|0|0', '0|0|0|0', 0, 0, 0, 0, 0, 2091.54, -1068.16, 28.0812, 143.497, 2095.09, -1065.9, 27.0724, 47.3763, 0, '', 0, 0, 0, '', '', '', 3, 0, 0, 0, 0, 0),
(162, 0, 3, 15000, 3, '0|0|0|0|0|0|0', '0|0|0|0|0|0|0|0|0', '0|0|0|0', 0, 0, 0, 0, 1, 2050.75, -1065.71, 25.7836, 61.7242, 2047.41, -1073.75, 24.4714, 243.412, 0, '', 0, 0, 0, '', '', '', 3, 0, 0, 0, 0, 0),
(163, 0, 3, 14000, 3, '0|0|0|0|0|0|0', '0|0|0|0|0|0|0|0|0', '0|0|0|0', 0, 0, 0, 0, 1, 2101.56, -1075.81, 25.9266, 143.497, 2103.93, -1073.22, 25.4337, 50.5643, 0, '', 0, 0, 0, '', '', '', 3, 0, 0, 0, 0, 0),
(164, 0, 3, 14000, 3, '0|0|0|0|0|0|0', '0|0|0|0|0|0|0|0|0', '0|0|0|0', 0, 0, 0, 0, 0, 2108.75, -1082.29, 25.492, 145.69, 2112.98, -1080.54, 24.3297, 52.6818, 0, '', 0, 0, 0, '', '', '', 3, 0, 0, 0, 0, 0),
(165, 0, 3, 27000, 6, '0|0|0|0|0|0|0', '0|0|0|0|0|0|0|0|0', '0|0|0|0', 0, 0, 0, 0, 0, 2060.97, -1075.32, 25.6843, 332.424, 2061.53, -1080.07, 24.5518, 244.214, 0, '', 0, 0, 0, '', '', '', 3, 0, 0, 0, 0, 0),
(166, 0, 16, 23000, 5, '0|0|0|0|0|0|0', '0|0|0|0|0|0|0|0|0', '0|0|0|0', 0, 0, 0, 0, 0, 2105.42, -1055.98, 27.1721, 322.365, 2103.63, -1059.71, 26.6365, 229.163, 0, '', 0, 0, 0, '', '', '', 3, 0, 0, 0, 0, 0),
(167, 0, 3, 14000, 3, '0|0|0|0|0|0|0', '0|0|0|0|0|0|0|0|0', '0|0|0|0', 0, 0, 0, 0, 1, 2075.27, -1081.9, 25.6785, 330.544, 2072.96, -1085.31, 24.6249, 245.597, 0, '', 0, 0, 0, '', '', '', 3, 0, 0, 0, 0, 0),
(168, 0, 3, 15000, 3, '0|0|0|0|0|0|0', '0|0|0|0|0|0|0|0|0', '0|0|0|0', 0, 0, 0, 0, 0, 2099.76, -1051.69, 28.8148, 316.412, 2097.65, -1054.51, 28.0324, 231.064, 0, '', 0, 0, 0, '', '', '', 3, 0, 0, 0, 0, 0),
(169, 0, 3, 14000, 3, '0|0|0|0|0|0|0', '0|0|0|0|0|0|0|0|0', '0|0|0|0', 0, 0, 0, 0, 1, 2082.46, -1085.15, 25.6864, 331.797, 2080.77, -1088.92, 24.6826, 245.174, 0, '', 0, 0, 0, '', '', '', 3, 0, 0, 0, 0, 0),
(170, 0, 10, 14500, 3, '0|0|0|0|0|0|0', '0|0|0|0|0|0|0|0|0', '0|0|0|0', 0, 0, 0, 0, 0, 2093.87, -1047.39, 30.1086, 329.259, 2092.01, -1050.01, 29.3009, 232.582, 0, '', 0, 0, 0, '', '', '', 3, 0, 0, 0, 0, 0),
(171, 0, 3, 23000, 5, '0|0|0|0|0|0', '0|0|0|0|0|0|0|0|0', '0|0|0|0', 0, 0, 0, 0, 0, 2083.18, -1039.75, 32.2092, 326.125, 2080.65, -1042.15, 31.588, 236.817, 0, '', 0, 0, 0, '', '', '', 3, 0, 0, 0, 0, 0),
(172, 2, 3, 120000, 20, '0|0|0|0|0|0|0', '0|0|0|0|0|0|0|0|0', '0|0|0|0', 0, 0, 0, 0, 0, 2852.02, -1365.84, 14.1708, 90.87, 0, 0, 0, 0, 0, '', 0, 0, 0, '', '', '', 3, 0, 0, 0, 0, 0),
(173, 2, 3, 85000, 37, '0|0|0|0|0|0|0', '0|0|0|0|0|0|0|0|0', '0|0|0|0', 0, 0, 0, 0, 0, 2750.39, -1205.56, 67.4844, 267.843, 2743.21, -1208.48, 66.4269, 0.371, 0, '', 0, 0, 0, '', '', '', 3, 0, 0, 0, 0, 0),
(174, 0, 3, 35000, 5, '0|0|0|0|0|0|0', '0|0|0|0|0|0|0|0|0', '0|0|0|0', 0, 0, 0, 0, 0, 2750.39, -1222.42, 64.6016, 260.95, 2742.82, -1222.42, 63.8939, 1.2537, 0, '', 0, 0, 0, '', '', '', 3, 0, 0, 0, 0, 0),
(175, 1, 3, 78000, 7, '0|0|0|0|0|0|0', '0|0|0|0|0|0|0|0|0', '0|0|0|0', 0, 0, 0, 0, 0, 2847.04, -1310, 14.6631, 102.15, 0, 0, 0, 0, 0, '', 0, 0, 0, '', '', '', 3, 0, 0, 0, 0, 0),
(176, 1, 3, 45000, 28, '0|0|0|0|0|0|0', '0|0|0|0|0|0|0|0|0', '0|0|0|0', 0, 0, 0, 0, 0, 2750.39, -1238.64, 61.5245, 274.11, 2742.98, -1237.41, 61.2268, 1.1419, 0, '', 0, 0, 0, '', '', '', 3, 0, 0, 0, 0, 0),
(177, 1, 3, 70000, 7, '0|0|0|0|0|0|0', '0|0|0|0|0|0|0|0|0', '0|0|0|0', 0, 0, 0, 0, 0, 2807.99, -1354.22, 27.2188, 271.955, 2801.96, -1354.29, 26.2923, 178.799, 0, '', 0, 0, 0, '', '', '', 3, 0, 0, 0, 0, 0),
(178, 2, 3, 120000, 28, '0|0|0|0|0|0|0', '0|0|0|0|0|0|0|0|0', '0|0|0|0', 0, 0, 0, 0, 0, 2809.53, -1280.97, 43.9044, 276.303, 2802.27, -1282.32, 43.3856, 179.639, 0, '', 0, 0, 0, '', '', '', 3, 0, 0, 0, 0, 0),
(179, 2, 3, 110000, 20, '0|0|0|0|0|0|0', '0|0|0|0|0|0|0|0|0', '0|0|0|0', 0, 0, 0, 0, 0, 2781.94, -1358.5, 26.3695, 89.3033, 2791.67, -1360.11, 24.9079, 359.93, 0, '', 0, 0, 0, '', '', '', 3, 0, 0, 0, 0, 0),
(180, 2, 3, 115000, 20, '0|0|0|0|0|0|0', '0|0|0|0|0|0|0|0|0', '0|0|0|0', 0, 0, 0, 0, 0, 2809.53, -1302.91, 38.9298, 276.304, 2802.08, -1302.77, 38.5958, 180.747, 0, '', 0, 0, 0, '', '', '', 3, 0, 0, 0, 0, 0),
(181, 2, 3, 110000, 20, '0|0|0|0|0|0|0', '0|0|0|0|0|0|0|0|0', '0|0|0|0', 0, 0, 0, 0, 0, 2781.94, -1333.45, 32.3989, 88.05, 2791.83, -1334.17, 31.1615, 358.837, 0, '', 0, 0, 0, '', '', '', 3, 0, 0, 0, 0, 0),
(182, 2, 3, 119000, 20, '0|0|0|0|0|0|0', '0|0|0|0|0|0|0|0|0', '0|0|0|0', 0, 0, 0, 0, 0, 2809.53, -1324.75, 33.8749, 270.977, 2801.93, -1323.57, 33.6246, 177.966, 0, '', 0, 0, 0, '', '', '', 3, 0, 0, 0, 0, 0),
(183, 2, 3, 115000, 20, '0|0|0|0|0|0|0', '0|0|0|0|0|0|0|0|0', '0|0|0|0', 0, 0, 0, 0, 0, 2782.15, -1306.22, 38.8902, 90.5566, 2791.7, -1307.51, 37.4426, 0.149, 0, '', 0, 0, 0, '', '', '', 3, 0, 0, 0, 0, 0),
(184, 2, 3, 121000, 20, '0|0|0|0|0|0|0', '0|0|0|0|0|0|0|0|0', '0|0|0|0', 0, 0, 0, 0, 0, 2782.15, -1281.48, 44.3757, 93.9419, 2791.67, -1281.83, 43.4818, 357.137, 0, '', 0, 0, 0, '', '', '', 3, 0, 0, 0, 0, 0),
(185, 2, 3, 150000, 24, '0|0|0|0|0|0|0', '0|0|0|0|0|0|0|0|0', '0|0|0|0', 0, 0, 0, 0, 0, 2775.97, -1245.37, 49.5793, 2.2192, 2776.94, -1252.8, 48.6985, 92.5006, 0, '', 0, 0, 0, '', '', '', 3, 0, 0, 0, 0, 0),
(186, 0, 3, 30000, 5, '0|0|0|0|0|0|0', '0|0|0|0|0|0|0|0|0', '0|0|0|0', 0, 0, 0, 0, 0, 2439.6, -1357.22, 24.1008, 95.7732, 2445.88, -1360.43, 23.6369, 180.028, 0, '', 0, 0, 0, '', '', '', 3, 0, 0, 0, 0, 0),
(187, 1, 3, 35000, 6, '0|0|0|0|0|0|0', '0|0|0|0|0|0|0|0|0', '0|0|0|0', 0, 0, 0, 0, 0, 2439.59, -1338.96, 24.1016, 81.3598, 2446.01, -1339.1, 23.6374, 180.601, 0, '', 0, 0, 0, '', '', '', 3, 0, 0, 0, 0, 0),
(188, 0, 3, 23000, 9, '0|0|0|0|0|0|0', '0|0|0|0|0|0|0|0|0', '0|0|0|0', 0, 0, 0, 0, 0, 2491.98, -1239.01, 37.9054, 3.00518, 2486.35, -1251.54, 30.5441, 271.134, 0, '', 0, 0, 0, '', '', '', 3, 0, 0, 0, 0, 0),
(189, 1, 3, 43000, 4, '0|0|0|0|0|0|0', '0|0|0|0|0|0|0|0|0', '0|0|0|0', 0, 0, 0, 0, 0, 2433.93, -1320.45, 25.3234, 82.9264, 2446.13, -1322.39, 23.6375, 179.516, 0, '', 0, 0, 0, '', '', '', 3, 0, 0, 0, 0, 0),
(190, 0, 3, 25000, 5, '0|0|0|0|0|0|0', '0|0|0|0|0|0|0|0|0', '0|0|0|0', 0, 0, 0, 0, 0, 2433.93, -1303.52, 25.3234, 92.0132, 2445.7, -1302.45, 23.5336, 180.081, 0, '', 0, 0, 0, '', '', '', 3, 0, 0, 0, 0, 0),
(191, 0, 3, 23000, 9, '0|0|0|0|0|0|0', '0|0|0|0|0|0|0|0|0', '0|0|0|0', 0, 0, 0, 0, 1, 2472.83, -1238.12, 32.5695, 357.992, 2468.79, -1251.95, 25.7811, 270.928, 0, '', 0, 0, 0, '', '', '', 3, 0, 0, 0, 0, 0),
(192, 0, 3, 15000, 3, '0|0|0|0|0|0|0', '0|0|0|0|0|0|0|0|0', '0|0|0|0', 0, 0, 0, 0, 0, 2434.8, -1289.1, 25.3479, 93.2666, 2445.7, -1290.86, 23.6345, 180.044, 0, '', 0, 0, 0, '', '', '', 3, 0, 0, 0, 0, 0),
(193, 0, 3, 23000, 6, '0|0|0|0|0|0|0', '0|0|0|0|0|0|0|0|0', '0|0|0|0', 0, 0, 0, 0, 0, 2433.6, -1274.96, 24.7567, 82.9264, 2445.63, -1274.75, 23.631, 179.612, 0, '', 0, 0, 0, '', '', '', 3, 0, 0, 0, 0, 0),
(194, 0, 3, 18000, 0, '0|0|0|0|0|0|0', '0|0|0|0|0|0|0|0|0', '0|0|0|0', 0, 0, 0, 0, 1, 2551.02, -1233.79, 49.3318, 357.702, 2545.64, -1251.34, 41.3361, 270.231, 0, '', 0, 0, 0, '', '', '', 3, 0, 0, 0, 0, 0),
(195, 0, 3, 15000, 3, '0|0|0|0|0|0|0', '0|0|0|0|0|0|0|0|0', '0|0|0|0', 0, 0, 0, 0, 1, 2470.37, -1295.42, 30.2332, 274.01, 2456.21, -1298.61, 23.5399, 358.608, 0, '', 0, 0, 0, '', '', '', 3, 0, 0, 0, 0, 0),
(196, 0, 3, 23000, 9, '0|0|0|0|0|0|0', '0|0|0|0|0|0|0|0|0', '0|0|0|0', 0, 0, 0, 0, 1, 2469.18, -1278.49, 30.3664, 271.666, 2456.18, -1281.15, 23.6439, 179.615, 0, '', 0, 0, 0, '', '', '', 3, 0, 0, 0, 0, 0),
(197, 0, 3, 14000, 3, '0|0|0|0|0|0|0', '0|0|0|0|0|0|0|0|0', '0|0|0|0', 0, 0, 0, 0, 0, 2387.86, -1328.43, 25.1242, 266.517, 2376.31, -1326.66, 23.6396, 359.955, 0, '', 0, 0, 0, '', '', '', 3, 0, 0, 0, 0, 0),
(198, 0, 3, 24900, 9, '0|0|0|0|0|0|0', '0|0|0|0|0|0|0|0|0', '0|0|0|0', 0, 0, 0, 0, 0, 2388.42, -1279.84, 25.1291, 270.423, 2376.28, -1275.87, 23.6429, 0.3421, 0, '', 0, 0, 0, '', '', '', 3, 0, 0, 0, 0, 0),
(199, 0, 3, 14000, 3, '0|0|0|0|0|0|0', '0|0|0|0|0|0|0|0|0', '0|0|0|0', 0, 0, 0, 0, 0, 2389.73, -1346.24, 25.077, 277.797, 2376.02, -1345.31, 23.6403, 0.9337, 0, '', 0, 0, 0, '', '', '', 3, 0, 0, 0, 0, 0),
(200, 0, 3, 23000, 9, '0|0|0|0|0|0|0', '0|0|0|0|0|0|0|0|0', '0|0|0|0', 0, 0, 0, 0, 0, 2383.53, -1366.26, 24.4914, 266.036, 2376.36, -1366.17, 23.6359, 0.5922, 0, '', 0, 0, 0, '', '', '', 3, 0, 0, 0, 0, 0),
(201, 2, 3, 230000, 28, '0|0|0|0|0|0|0', '0|0|0|0|0|0|0|0|0', '0|0|0|0', 0, 0, 0, 0, 0, 653.596, -1713.94, 14.7648, 268.573, 0, 0, 0, 0, 0, '', 0, 0, 0, '', '', '', 3, 0, 0, 0, 0, 0),
(202, 2, 3, 80000, 4, '0|0|0|0|0|0|0', '0|0|0|0|0|0|0|0|0', '0|0|0|0', 0, 0, 0, 0, 0, 657.226, -1652.53, 15.4062, 272.235, 0, 0, 0, 0, 0, '', 0, 0, 0, '', '', '', 3, 0, 0, 0, 0, 0),
(203, 0, 3, 27000, 9, '0|0|0|0|0|0|0', '0|0|0|0|0|0|0|0|0', '0|0|0|0', 0, 0, 0, 0, 0, 656.109, -1635.87, 15.8617, 354.329, 0, 0, 0, 0, 0, '', 0, 0, 0, '', '', '', 3, 0, 0, 0, 0, 0),
(204, 2, 3, 200000, 32, '0|0|0|0|0|0|0', '0|0|0|0|0|0|0|0|0', '0|0|0|0', 0, 0, 0, 0, 0, 652.666, -1694.02, 14.5501, 271.393, 0, 0, 0, 0, 0, '', 0, 0, 0, '', '', '', 3, 0, 0, 0, 0, 0),
(205, 2, 11, 231337, 37, '0|0|0|0|0|0|0', '0|0|10000|0|10000|0|10000|0|0', '100|0|0|0', 1328, 1000000, 0, 0, 0, 693.546, -1705.8, 3.81948, 89.9715, 0, 0, 0, 0, 9, 'Albion_Smash', 0, 0, 0, '', '', '', 3, 0, 0, 0, 0, 0),
(206, 2, 3, 130000, 8, '0|0|0|0|0|0|0', '0|0|0|0|0|0|0|0|0', '0|0|0|0', 0, 0, 0, 0, 0, 653.245, -1619.67, 15, 271.945, 0, 0, 0, 0, 0, '', 0, 0, 0, '', '', '', 3, 0, 0, 0, 0, 0),
(207, 2, 3, 350000, 37, '0|0|0|0|0|0|0', '0|0|0|0|0|0|0|0|0', '0|0|0|0', 0, 0, 0, 0, 1, 694.838, -1690.73, 4.34612, 188.672, 0, 0, 0, 0, 0, '', 0, 0, 0, '', '', '', 3, 0, 0, 0, 0, 0),
(208, 1, 3, 40000, 1, '0|0|0|0|0|0|0', '0|0|0|0|0|0|0|0|0', '0|0|0|0', 0, 0, 0, 0, 0, 692.889, -1602.77, 15.0469, 178.884, 0, 0, 0, 0, 0, '', 0, 0, 0, '', '', '', 3, 0, 0, 0, 0, 0),
(209, 3, 3, 350000, 7, '0|0|0|0|0|0|0', '0|0|0|0|0|0|0|0|0', '0|0|0|0', 0, 0, 0, 0, 0, 697.279, -1627.01, 3.74917, 89.9715, 0, 0, 0, 0, 0, '', 0, 0, 0, '', '', '', 3, 0, 0, 0, 0, 0),
(210, 1, 3, 40000, 10, '0|0|0|0|0|0|0', '0|0|0|0|0|0|0|0|0', '0|0|0|0', 0, 0, 0, 0, 0, 766.923, -1605.64, 13.8039, 269.124, 757.016, -1604.58, 12.9941, 0.1375, 0, '', 0, 0, 0, '', '', '', 3, 0, 0, 0, 0, 0),
(211, 2, 3, 301337, 28, '0|0|0|0|0|0|0', '0|0|0|0|0|0|0|0|0', '0|0|0|0', 0, 0, 0, 0, 0, 693.759, -1645.97, 4.09375, 86.8381, 0, 0, 0, 0, 0, '', 0, 0, 0, '', '', '', 3, 0, 0, 0, 0, 0),
(212, 1, 3, 68000, 2, '0|0|0|0|0|0|0', '0|0|0|0|0|0|0|0|0', '0|0|0|0', 0, 0, 0, 0, 0, 768.079, -1655.8, 5.60938, 265.678, 0, 0, 0, 0, 0, '', 0, 0, 0, '', '', '', 3, 0, 0, 0, 0, 0),
(213, 1, 3, 78000, 2, '0|0|0|0|0|0|0', '0|0|0|0|0|0|0|0|0', '0|0|0|0', 0, 0, 0, 0, 0, 769.228, -1696.56, 5.15542, 271.944, 0, 0, 0, 0, 0, '', 0, 0, 0, '', '', '', 3, 0, 0, 0, 0, 0),
(214, 1, 3, 78000, 2, '0|0|0|0|0|0|0', '0|0|0|0|0|0|0|0|0', '0|0|0|0', 0, 0, 0, 0, 1, 769.228, -1745.79, 13.0773, 271.294, 0, 0, 0, 0, 0, '', 0, 0, 0, '', '', '', 3, 0, 0, 0, 0, 0),
(215, 0, 3, 32000, 9, '0|0|0|0|0|0|0', '0|0|0|0|0|0|0|0|0', '0|0|0|0', 0, 0, 0, 0, 0, 768.894, -1726.23, 13.4321, 1.53506, 0, 0, 0, 0, 0, '', 0, 0, 0, '', '', '', 3, 0, 0, 0, 0, 0),
(216, 2, 3, 200000, 2, '0|0|0|0|0|0|0', '0|0|0|0|0|0|0|0|0', '0|0|0|0', 0, 0, 0, 0, 0, 315.632, -1769.43, 4.61967, 359.049, 0, 0, 0, 0, 0, '', 0, 0, 0, '', '', '', 3, 0, 0, 0, 0, 0),
(217, 1, 3, 120000, 10, '0|0|0|0|0|0|0', '0|0|0|0|0|0|0|0|0', '0|0|0|0', 0, 0, 0, 0, 0, 305.216, -1770.22, 4.53802, 353.095, 0, 0, 0, 0, 0, '', 0, 0, 0, '', '', '', 3, 0, 0, 0, 0, 0),
(218, 1, 3, 80000, 0, '0|0|0|0|0|0|0', '0|0|0|0|0|0|0|0|0', '0|0|0|0', 0, 0, 0, 0, 0, 295.208, -1764.12, 4.86886, 359.049, 0, 0, 0, 0, 0, '', 0, 0, 0, '', '', '', 3, 0, 0, 0, 0, 0),
(219, 2, 3, 110000, 18, '0|0|0|0|0|0|0', '0|0|0|0|0|0|0|0|0', '0|0|0|0', 0, 0, 0, 0, 0, 281.123, -1767.08, 4.54688, 357.168, 0, 0, 0, 0, 0, '', 0, 0, 0, '', '', '', 3, 0, 0, 0, 0, 0),
(220, 3, 3, 350000, 14, '0|0|0|0|0|0|0', '0|0|0|0|0|0|0|0|0', '0|0|0|0', 0, 0, 0, 0, 0, 167.767, -1759.13, 6.79688, 276.056, 0, 0, 0, 0, 0, '', 0, 0, 0, '', '', '', 3, 0, 0, 0, 0, 0),
(221, 1, 15, 50000, 10, '0|0|0|0|0|0|0', '0|0|0|0|0|0|0|0|0', '250|0|0|70', 0, 0, 0, 0, 0, 1421.67, -886.232, 50.6863, 181.666, 1424.91, -881.638, 50.1462, 210.709, 1420, 'James_Balashkin', 0, 0, 0, '', '', '', 3, 0, 0, 0, 0, 0),
(222, 3, 3, 150000, 4, '0|0|0|0|0|0|0', '0|0|0|0|0|0|0|0|0', '0|0|0|0', 0, 0, 0, 0, 1, 1468.62, -906.182, 54.8359, 186.936, 1464.35, -902.529, 54.4608, 177.797, 0, '', 0, 0, 0, '', '', '', 3, 0, 0, 0, 0, 0),
(223, 2, 3, 97000, 14, '0|0|0|0|0|0|0', '0|0|0|0|0|0|0|0|0', '0|0|0|0', 0, 0, 0, 0, 0, 1540.47, -851.497, 64.3361, 276.607, 1535.72, -841.352, 64.4444, 266.544, 0, '', 0, 0, 0, '', '', '', 3, 0, 0, 0, 0, 0),
(224, 2, 3, 100000, 23, '0|0|0|0|0|0|0', '0|0|0|0|0|0|0|0|0', '0|0|0|0', 0, 0, 0, 0, 1, 1535.03, -800.148, 72.8495, 268.091, 1529.58, -812.383, 71.5706, 258.721, 0, '', 0, 0, 0, '', '', '', 3, 0, 0, 0, 0, 0),
(225, 2, 3, 78000, 10, '0|0|0|0|0|0|0', '0|0|0|0|0|0|0|0|0', '0|0|0|0', 0, 0, 0, 0, 0, 1527.74, -772.508, 80.5781, 313.581, 1516.11, -767.089, 79.6753, 327.455, 0, '', 0, 0, 0, '', '', '', 3, 0, 0, 0, 0, 0),
(226, 3, 0, 1000000, 39, '0|0|0|0|0|0|0', '0|0|0|0|0|0|0|0|0', '0|0|0|0', 0, 0, 0, 0, 0, 1497, -687.892, 95.5633, 359.015, 1517.24, -694.102, 94.3748, 273.413, 31, 'Diego_Nestro', 0, 0, 0, '', '', '', 3, 0, 0, 0, 0, 0),
(227, 3, 3, 500000, 20, '0|0|0|0|0|0|0', '0|0|0|0|0|0|0|0|0', '0|0|0|0', 0, 0, 0, 0, 0, 1442.68, -628.836, 95.7186, 357.135, 1447.87, -634.88, 95.2701, 181.844, 0, '', 0, 0, 0, '', '', '', 3, 0, 0, 0, 0, 0),
(228, 3, 3, 3000000, 42, '0|0|0|0|0|0|0', '0|0|0|0|0|0|0|0|0', '0|0|0|0', 0, 0, 0, 0, 0, 1298.18, -797.984, 84.1406, 353.085, 1243.65, -820.825, 83.7849, 359.943, 0, '', 0, 0, 0, '', '', '', 3, 0, 0, 0, 0, 0),
(229, 3, 3, 800000, 35, '0|0|0|0|0|0|0', '0|0|0|0|0|0|0|0|0', '0|0|0|0', 0, 0, 0, 0, 0, 1332.22, -633.465, 109.135, 191.717, 1354.22, -631.269, 108.751, 12.9795, 0, '', 0, 0, 0, '', '', '', 3, 0, 0, 0, 0, 0),
(230, 3, 3, 200000, 21, '0|0|0|0|0|0|0', '0|0|0|0|0|0|0|0|0', '0|0|0|0', 0, 0, 0, 0, 0, 1112.64, -741.968, 100.133, 268.054, 1109.99, -732.064, 99.9553, 273.22, 0, '', 0, 0, 0, '', '', '', 3, 0, 0, 0, 0, 0),
(231, 3, 2, 400000, 2, '0|0|0|0|0|0|0', '0|0|0|0|0|0|0|0|0', '24|0|0|0', 0, 0, 0, 0, 0, 1034.76, -813.204, 101.852, 196.613, 1029.24, -809.12, 101.477, 198.021, 1119, 'Steven_Hill', 0, 0, 0, '', '', '', 3, 0, 0, 0, 0, 0),
(232, 3, 3, 350000, 19, '0|0|0|0|0|0|0', '0|0|0|0|0|0|0|0|0', '0|0|0|0', 0, 0, 0, 0, 0, 989.964, -828.564, 95.4686, 209.147, 978.091, -828.818, 95.5701, 215.968, 0, '', 0, 0, 0, '', '', '', 3, 0, 0, 0, 0, 0),
(233, 2, 3, 150000, 4, '0|0|0|0|0|0|0', '0|0|0|0|0|0|0|0|0', '0|0|0|0', 0, 0, 0, 0, 0, 937.994, -848.655, 93.5773, 215.254, 935.021, -853.896, 93.135, 207.177, 0, '', 0, 0, 0, '', '', '', 3, 0, 0, 0, 0, 0),
(234, 2, 3, 175000, 4, '0|0|0|0|0|0|0', '0|0|0|0|0|0|0|0|0', '0|0|0|0', 0, 0, 0, 0, 0, 923.911, -853.418, 93.4565, 115.926, 925.691, -847.664, 93.1307, 118.798, 0, '', 0, 0, 0, '', '', '', 3, 0, 0, 0, 0, 0),
(235, 3, 3, 250000, 15, '0|0|0|0|0|0|0', '0|0|0|0|0|0|0|0|0', '0|0|0|0', 0, 0, 0, 0, 0, 910.292, -817.605, 103.126, 202.566, 914.836, -832.749, 92.5382, 119.103, 0, '', 0, 0, 0, '', '', '', 3, 0, 0, 0, 0, 0),
(236, 3, 3, 900000, 37, '0|0|0|0|0|0|0', '0|0|0|0|0|0|0|0|0', '0|0|0|0', 0, 0, 0, 0, 0, 836.075, -894.941, 68.7689, 147.106, 833.674, -888.92, 68.3969, 103.243, 0, '', 0, 0, 0, '', '', '', 3, 0, 0, 0, 0, 0),
(237, 3, 3, 190000, 22, '0|0|0|0|0|0|0', '0|0|0|0|0|0|0|0|0', '0|0|0|0', 0, 0, 0, 0, 0, 827.772, -858.001, 70.3308, 19.8914, 832.115, -858.492, 69.5436, 19.6844, 0, '', 0, 0, 0, '', '', '', 3, 0, 0, 0, 0, 0),
(238, 3, 3, 400000, 28, '0|0|0|0|0|0|0', '0|0|0|0|0|0|0|0|0', '0|0|0|0', 0, 0, 0, 0, 0, 785.866, -828.598, 70.2896, 196.903, 0, 0, 0, 0, 0, '', 0, 0, 0, '', '', '', 3, 0, 0, 0, 0, 0),
(239, 2, 3, 200000, 4, '0|0|0|0|0|0', '0|0|0|0|0|0|0|0|0', '0|0|0|0', 0, 0, 0, 0, 0, 724.701, -999.379, 52.7344, 151.02, 725.413, -995.194, 52.2812, 99.326, 0, '', 0, 0, 0, '', '', '', 3, 0, 0, 0, 0, 0),
(240, 3, 3, 380000, 14, '0|0|0|0|0|0', '0|0|0|0|0|0|0|0|0', '0|0|0|0', 0, 0, 0, 0, 1, 700.492, -1059.93, 49.4217, 235.467, 686.123, -1072.93, 49.1734, 244.006, 0, '', 0, 0, 0, '', '', '', 3, 0, 0, 0, 0, 0),
(241, 3, 3, 230000, 4, '0|0|0|0|0|0|0', '0|0|0|0|0|0|0|0|0', '0|0|0|0', 0, 0, 0, 0, 0, 645.943, -1117.47, 44.207, 232.96, 634.754, -1119.71, 45.074, 233.825, 52, 'Dmitriy_Drumms', 0, 0, 0, '', '', '', 3, 0, 0, 0, 0, 0),
(242, 3, 3, 450000, 14, '0|0|0|0|0|0|0', '0|0|0|0|0|0|0|0|0', '0|0|0|0', 0, 0, 0, 0, 0, 497.745, -1095.08, 82.3592, 177.523, 0, 0, 0, 0, 0, '', 0, 0, 0, '', '', '', 3, 0, 0, 0, 0, 0),
(243, 0, 3, 25000, 5, '0|0|0|0|0|0|0', '0|0|0|0|0|0|0|0|0', '0|0|0|0', 0, 0, 0, 0, 0, 1851.93, -2070.46, 15.4812, 181.365, 0, 0, 0, 0, 0, '', 0, 0, 0, '', '', '', 3, 0, 0, 0, 0, 0),
(244, 3, 3, 1000000, 40, '0|0|0|0|0|0|0', '0|0|0|0|0|0|0|0|0', '0|0|0|0', 0, 0, 0, 0, 0, 300.228, -1154.44, 81.389, 316.354, 305.686, -1165, 80.5365, 68.0955, 0, '', 0, 0, 0, '', '', '', 3, 0, 0, 0, 0, 0),
(245, 0, 3, 20000, 6, '0|0|0|0|0|0|0', '0|0|0|0|0|0|0|0|0', '0|0|0|0', 0, 0, 0, 0, 0, 1873.53, -2070.76, 15.4971, 177.919, 0, 0, 0, 0, 0, '', 0, 0, 0, '', '', '', 3, 0, 0, 0, 0, 0),
(246, 0, 3, 13999, 3, '0|0|0|0|0|0|0', '0|0|0|0|0|0|0|0|0', '0|0|0|0', 0, 0, 0, 0, 0, 1895.49, -2068.92, 15.6689, 183.872, 0, 0, 0, 0, 0, '', 0, 0, 0, '', '', '', 3, 0, 0, 0, 0, 0);
INSERT INTO `houses` (`id`, `class`, `days`, `price`, `hint`, `improve`, `gun`, `skin`, `safecode`, `safemoney`, `drugs`, `products`, `close`, `x`, `y`, `z`, `r`, `parkx`, `parky`, `parkz`, `parkr`, `ownerid`, `owner`, `inhabit2id`, `inhabit3id`, `inhabit4id`, `inhabit2`, `inhabit3`, `inhabit4`, `day`, `hShx`, `hShy`, `hShz`, `houseMats`, `houseMoney`) VALUES
(247, 3, 0, 1000000, 40, '0|0|0|0|0|0|0', '0|0|0|0|0|0|0|0|0', '136|0|0|294', 0, 0, 0, 0, 0, 251.449, -1220.2, 76.1024, 34.7118, 260.883, -1222.53, 74.2432, 342.411, 22, 'Vlad_Angel', 0, 0, 0, '', '', '', 3, 0, 0, 0, 0, 0),
(248, 0, 3, 25000, 5, '0|0|0|0|0|0|0', '0|0|0|0|0|0|0|0|0', '0|0|0|0', 0, 0, 0, 0, 1, 1851.81, -2134.84, 15.3882, 3.91482, 0, 0, 0, 0, 0, '', 0, 0, 0, '', '', '', 3, 0, 0, 0, 0, 0),
(249, 3, 3, 1000000, 27, '0|0|0|0|0|0|0', '0|0|0|0|0|0|0|0|0', '0|0|0|0', 0, 0, 0, 0, 0, 253.188, -1270.01, 74.4307, 218.93, 246.709, -1262.45, 69.0774, 129.375, 0, '', 0, 0, 0, '', '', '', 3, 0, 0, 0, 0, 0),
(250, 0, 3, 23000, 5, '0|0|0|0|0|0|0', '0|0|0|0|0|0|0|0|0', '0|0|0|0', 0, 0, 0, 0, 1, 1872.48, -2132.94, 15.482, 3.28825, 0, 0, 0, 0, 0, '', 0, 0, 0, '', '', '', 3, 0, 0, 0, 0, 0),
(251, 0, 3, 15999, 3, '0|0|0|0|0|0|0', '0|0|0|0|0|0|0|0|0', '0|0|0|0', 0, 0, 0, 0, 0, 1894.21, -2133.2, 15.4663, 3.91497, 0, 0, 0, 0, 0, '', 0, 0, 0, '', '', '', 3, 0, 0, 0, 0, 0),
(252, 3, 3, 800000, 20, '0|0|0|0|0|0|0', '0|0|0|0|0|0|0|0|0', '0|0|0|0', 0, 0, 0, 0, 0, 219.161, -1249.86, 78.3368, 38.1584, 0, 0, 0, 0, 0, '', 0, 0, 0, '', '', '', 3, 0, 0, 0, 0, 0),
(253, 3, 27, 800000, 27, '0|0|0|0|0|0|0', '0|0|0|0|0|0|0|0|0', '78|0|0|270', 0, 0, 0, 0, 0, 254.503, -1367.3, 53.1094, 124.326, 248.655, -1356.07, 52.7351, 124.266, 26, 'Rango_Balashkin', 0, 0, 0, '', '', '', 3, 0, 0, 0, 0, 0),
(254, 3, 3, 700000, 37, '0|0|0|0|0|0|0', '0|0|0|0|0|0|0|0|0', '0|0|0|0', 0, 0, 0, 0, 0, 298.934, -1338.44, 53.4415, 218.304, 301.312, -1326.72, 53.0729, 297.759, 0, '', 0, 0, 0, '', '', '', 3, 0, 0, 0, 0, 0),
(255, 3, 3, 350000, 2, '0|0|0|0|0|0|0', '0|0|0|0|0|0|0|0|0', '0|0|0|0', 0, 0, 0, 0, 0, 355.034, -1281.21, 53.7036, 201.383, 354.755, -1275.24, 53.3968, 297.862, 0, '', 0, 0, 0, '', '', '', 3, 0, 0, 0, 0, 0),
(256, 3, 22, 340000, 8, '0|0|0|0|0|0|0', '0|0|0|0|0|0|0|0|0', '78|0|0|0', 0, 0, 0, 0, 0, 432.194, -1253.9, 51.5809, 202.637, 426.055, -1243.62, 50.424, 292.467, 1737, 'Emory_Calleri', 0, 0, 0, '', '', '', 3, 0, 0, 0, 0, 0),
(257, 3, 3, 350000, 41, '1|1|1|1|1|1|1', '0|0|0|0|0|0|0|0|0', '0|0|0|0', 0, 0, 0, 0, 0, 398.324, -1271.3, 50.0198, 203.263, 405.544, -1264.25, 50.082, 208.266, 94, 'Jeremy_Clarkson', 0, 0, 0, '', '', '', 3, 0, 0, 0, 0, 0),
(258, 3, 3, 250000, 35, '0|0|0|0|0|0|0', '0|0|0|0|0|0|0|0|0', '0|0|0|0', 0, 0, 0, 0, 1, 352.261, -1198.06, 76.5156, 216.134, 346.034, -1198.74, 76.1424, 225.503, 0, '', 0, 0, 0, '', '', '', 3, 0, 0, 0, 0, 0),
(259, 2, 3, 50000, 4, '0|0|0|0|0|0|0', '0|0|0|0|0|0|0|0|0', '0|0|0|0', 0, 0, 0, 0, 0, -2625.84, -191.05, 7.20312, 85.3455, -2608.45, -193.153, 3.88, 359.359, 0, '', 0, 0, 0, '', '', '', 3, 0, 0, 0, 0, 0),
(260, 2, 3, 55999, 4, '0|0|0|0|0|0|0', '0|0|0|0|0|0|0|0|0', '0|0|0|0', 0, 0, 0, 0, 0, -2622.31, -198.091, 4.33594, 90.3588, -2620.87, -205.344, 3.8802, 270.039, 0, '', 0, 0, 0, '', '', '', 3, 0, 0, 0, 0, 0),
(261, 2, 3, 80000, 37, '0|0|0|0|0|0|0', '0|0|0|0|0|0|0|0|0', '0|0|0|0', 0, 0, 0, 0, 0, -2686.83, -188.167, 7.20312, 263.095, -2693.33, -190.916, 3.964, 269.772, 0, '', 0, 0, 0, '', '', '', 3, 0, 0, 0, 0, 0),
(262, 0, 3, 100000, 28, '0|0|0|0|0|0|0', '0|0|0|0|0|0|0|0|0', '0|0|0|0', 0, 0, 0, 0, 0, -2620.84, -185.897, 7.20312, 191.566, -2616.56, -188.332, 3.961, 89.4278, 0, '', 0, 0, 0, '', '', '', 3, 0, 0, 0, 0, 0),
(263, 1, 3, 70000, 6, '0|0|0|0|0|0|0', '0|0|0|0|0|0|0|0|0', '0|0|0|0', 0, 0, 0, 0, 0, -2621.01, -173.328, 5, 90.0689, -2616.42, -178.316, 3.9609, 90.0281, 0, '', 0, 0, 0, '', '', '', 3, 0, 0, 0, 0, 0),
(264, 2, 3, 50000, 32, '0|0|0|0|0|0|0', '0|0|0|0|0|0|0|0|0', '0|0|0|0', 0, 0, 0, 0, 0, -2687.89, -174.947, 4.34258, 268.735, -2701.65, -174.145, 3.8766, 178.856, 0, '', 0, 0, 0, '', '', '', 3, 0, 0, 0, 0, 0),
(265, 1, 3, 35000, 5, '0|0|0|0|0|0|0', '0|0|0|0|0|0|0|0|0', '0|0|0|0', 0, 0, 0, 0, 1, -2622.36, -169.562, 4.34258, 89.7556, -2608.72, -169.734, 3.8802, 359.763, 0, '', 0, 0, 0, '', '', '', 3, 0, 0, 0, 0, 0),
(266, 2, 3, 37999, 6, '0|0|0|0|0|0|0', '0|0|0|0|0|0|0|0|0', '0|0|0|0', 0, 0, 0, 0, 0, -2625.85, -162.541, 7.20312, 91.0089, -2608.58, -161.974, 3.8802, 359.484, 0, '', 0, 0, 0, '', '', '', 3, 0, 0, 0, 0, 0),
(267, 2, 3, 44000, 37, '0|0|0|0|0|0|0', '0|0|0|0|0|0|0|0|0', '0|0|0|0', 0, 0, 0, 0, 0, -2689.41, -167.29, 7.20312, 0.228997, -2693.62, -164.912, 3.9609, 270.108, 0, '', 0, 0, 0, '', '', '', 3, 0, 0, 0, 0, 0),
(268, 2, 3, 70000, 32, '0|0|0|0|0|0|0', '0|0|0|0|0|0|0|0|0', '0|0|0|0', 0, 0, 0, 0, 0, -2689.41, -152.817, 5, 266.854, -2693.45, -147.555, 3.9609, 268.645, 0, '', 0, 0, 0, '', '', '', 3, 0, 0, 0, 0, 0),
(269, 1, 3, 88888, 37, '0|0|0|0|0|0|0', '0|0|0|0|0|0|0|0|0', '0|0|0|0', 0, 0, 0, 0, 0, -2620.84, -146.213, 7.20312, 355.755, -2616.69, -143.723, 3.9608, 89.739, 0, '', 0, 0, 0, '', '', '', 3, 0, 0, 0, 0, 0),
(270, 1, 3, 57777, 4, '0|0|0|0|0|0|0', '0|0|0|0|0|0|0|0|0', '0|0|0|0', 0, 0, 0, 0, 0, -2621.02, -134.929, 5, 88.8156, -2616.59, -139.816, 3.9608, 88.8219, 0, '', 0, 0, 0, '', '', '', 3, 0, 0, 0, 0, 0),
(271, 1, 3, 44000, 28, '0|0|0|0|0|0|0', '0|0|0|0|0|0|0|0|0', '0|0|0|0', 0, 0, 0, 0, 0, -2689.24, -114.445, 5, 267.794, -2693.94, -109.14, 3.9608, 268.893, 0, '', 0, 0, 0, '', '', '', 3, 0, 0, 0, 0, 0),
(272, 1, 3, 48000, 32, '0|0|0|0|0|0|0', '0|0|0|0|0|0|0|0|0', '0|0|0|0', 0, 0, 0, 0, 0, -2687.9, -118.023, 4.34258, 269.674, -2701.69, -117.642, 3.8765, 180.22, 0, '', 0, 0, 0, '', '', '', 3, 0, 0, 0, 0, 0),
(273, 1, 3, 38000, 33, '0|0|0|0|0|0|0', '0|0|0|0|0|0|0|0|0', '0|0|0|0', 0, 0, 0, 0, 0, -2619.75, -127.601, 4.77144, 91.6356, -2616.61, -131.027, 3.9609, 90.2162, 0, '', 0, 0, 0, '', '', '', 3, 0, 0, 0, 0, 0),
(274, 2, 3, 115333, 28, '0|0|0|0|0|0|0', '0|0|0|0|0|0|0|0|0', '0|0|0|0', 0, 0, 0, 0, 0, -2620.57, -120.212, 7.20312, 173.416, -2616.99, -122.506, 3.9606, 90.0996, 0, '', 0, 0, 0, '', '', '', 3, 0, 0, 0, 0, 0),
(275, 2, 3, 90000, 20, '0|0|0|0|0|0|0', '0|0|0|0|0|0|0|0|0', '0|0|0|0', 0, 0, 0, 0, 0, -2687.9, -89.4575, 4.33594, 269.988, -2693.42, -85.3106, 3.9609, 270.875, 0, '', 0, 0, 0, '', '', '', 3, 0, 0, 0, 0, 0),
(276, 1, 3, 37000, 5, '0|0|0|0|0|0|0', '0|0|0|0|0|0|0|0|0', '0|0|0|0', 0, 0, 0, 0, 0, -2625.85, -105.384, 7.20312, 84.4522, -2608.8, -104.845, 3.8802, 0.1287, 0, '', 0, 0, 0, '', '', '', 3, 0, 0, 0, 0, 0),
(277, 1, 3, 40000, 6, '0|0|0|0|0|0|0', '0|0|0|0|0|0|0|0|0', '0|0|0|0', 0, 0, 0, 0, 0, -2622.36, -112.481, 4.34258, 89.779, -2608.86, -111.67, 3.8801, 1.44, 0, '', 0, 0, 0, '', '', '', 3, 0, 0, 0, 0, 0),
(278, 2, 3, 60000, 37, '0|0|0|0|0|0|0', '0|0|0|0|0|0|0|0|0', '0|0|0|0', 0, 0, 0, 0, 0, -2725.75, -92.6113, 7.20312, 87.3363, -2718.75, -89.9222, 3.9609, 90.5077, 0, '', 0, 0, 0, '', '', '', 3, 0, 0, 0, 0, 0),
(279, 1, 3, 55000, 32, '0|0|0|0|0|0|0', '0|0|0|0|0|0|0|0|0', '0|0|0|0', 0, 0, 0, 0, 0, -2724.68, -105.644, 4.34258, 92.0364, -2710.88, -105.819, 3.8765, 359.61, 0, '', 0, 0, 0, '', '', '', 3, 0, 0, 0, 0, 0),
(280, 2, 3, 150999, 32, '0|0|0|0|0|0|0', '0|0|0|0|0|0|0|0|0', '0|0|0|0', 0, 0, 0, 0, 0, -2623.43, -99.4116, 7.20312, 90.719, -2616.35, -96.5431, 3.9609, 89.7749, 0, '', 0, 0, 0, '', '', '', 3, 0, 0, 0, 0, 0),
(281, 2, 3, 77000, 32, '0|0|0|0|0|0|0', '0|0|0|0|0|0|0|0|0', '0|0|0|0', 0, 0, 0, 0, 0, -2723.34, -127.631, 5, 83.5763, -2718.73, -133.111, 3.9608, 89.525, 0, '', 0, 0, 0, '', '', '', 3, 0, 0, 0, 0, 0),
(282, 2, 3, 157999, 4, '0|0|0|0|0|0|0', '0|0|0|0|0|0|0|0|0', '0|0|0|0', 0, 0, 0, 0, 0, -2524.24, -145.865, 21.8631, 182.503, -2530.08, -142.689, 19.3335, 3.1595, 0, '', 0, 0, 0, '', '', '', 3, 0, 0, 0, 0, 0),
(283, 1, 3, 33000, 6, '0|0|0|0|0|0|0', '0|0|0|0|0|0|0|0|0', '0|0|0|0', 0, 0, 0, 0, 0, -2723.25, -139.396, 7.20312, 358.035, -2718.54, -136.879, 3.9609, 90.7649, 0, '', 0, 0, 0, '', '', '', 3, 0, 0, 0, 0, 0),
(284, 2, 3, 190000, 37, '0|0|0|0|0|0|0', '0|0|0|0|0|0|0|0|0', '0|0|0|0', 0, 0, 0, 0, 0, -2524.44, -118.726, 21.7843, 354.815, -2530.08, -120.767, 19.3867, 175.933, 0, '', 0, 0, 0, '', '', '', 3, 0, 0, 0, 0, 0),
(285, 1, 3, 55000, 32, '0|0|0|0|0|0|0', '0|0|0|0|0|0|0|0|0', '0|0|0|0', 0, 0, 0, 0, 0, -2724.67, -162.553, 4.34258, 90.7831, -2710.75, -160.318, 3.8745, 0.3666, 0, '', 0, 0, 0, '', '', '', 3, 0, 0, 0, 0, 0),
(286, 2, 3, 200000, 37, '0|0|0|0|0|0|0', '0|0|0|0|0|0|0|0|0', '0|0|0|0', 0, 0, 0, 0, 0, -2541.57, -145.865, 15.6672, 186.577, -2547.45, -143.162, 13.482, 6.0275, 0, '', 0, 0, 0, '', '', '', 3, 0, 0, 0, 0, 0),
(287, 1, 3, 45000, 32, '0|0|0|0|0|0|0', '0|0|0|0|0|0|0|0|0', '0|0|0|0', 0, 0, 0, 0, 0, -2723.33, -166.296, 5, 87.023, -2710.73, -167.342, 3.8763, 359.911, 0, '', 0, 0, 0, '', '', '', 3, 0, 0, 0, 0, 0),
(288, 2, 3, 185000, 32, '0|0|0|0|0|0|0', '0|0|0|0|0|0|0|0|0', '0|0|0|0', 0, 0, 0, 0, 0, -2541.6, -118.727, 16.2473, 355.755, -2547.14, -120.699, 14.0293, 181.294, 0, '', 0, 0, 0, '', '', '', 3, 0, 0, 0, 0, 0),
(289, 2, 3, 78000, 14, '0|0|0|0|0|0|0', '0|0|0|0|0|0|0|0|0', '0|0|0|0', 0, 0, 0, 0, 0, -2724.67, -191.293, 4.33594, 93.9164, -2718.36, -195.564, 3.9608, 90.6102, 0, '', 0, 0, 0, '', '', '', 3, 0, 0, 0, 0, 0),
(290, 2, 3, 228228, 37, '0|0|0|0|0|0|0', '0|0|0|0|0|0|0|0|0', '0|0|0|0', 0, 0, 0, 0, 0, -2558.62, -145.865, 9.42446, 183.13, -2564.09, -143.661, 8.8216, 1.5365, 0, '', 0, 0, 0, '', '', '', 3, 0, 0, 0, 0, 0),
(291, 2, 3, 150777, 32, '0|0|0|0|0|0|0', '0|0|0|0|0|0|0|0|0', '0|0|0|0', 0, 0, 0, 0, 0, -2558.81, -118.727, 10.9512, 9.85507, -2563.96, -120.697, 9.1487, 177.552, 0, '', 0, 0, 0, '', '', '', 3, 0, 0, 0, 0, 0),
(292, 1, 3, 40000, 14, '0|0|0|0|0|0|0', '0|0|0|0|0|0|0|0|0', '0|0|0|0', 0, 0, 0, 0, 0, -2789.17, -181.351, 10.0625, 268.711, -2795.47, -184.068, 6.8125, 269.796, 0, '', 0, 0, 0, '', '', '', 3, 0, 0, 0, 0, 0),
(293, 2, 3, 185000, 32, '0|0|0|0|0|0|0', '0|0|0|0|0|0|0|0|0', '0|0|0|0', 0, 0, 0, 0, 0, -2576.4, -145.865, 6.64826, 181.877, -2581.4, -143.127, 5.7182, 359.039, 0, '', 0, 0, 0, '', '', '', 3, 0, 0, 0, 0, 0),
(294, 2, 3, 190000, 37, '0|0|0|0|0|0|0', '0|0|0|0|0|0|0|0|0', '0|0|0|0', 0, 0, 0, 0, 0, -2576.36, -118.726, 6.61725, 359.829, -2581.06, -121.224, 5.4562, 179.403, 0, '', 0, 0, 0, '', '', '', 3, 0, 0, 0, 0, 0),
(295, 1, 3, 47000, 1, '0|0|0|0|0|0|0', '0|0|0|0|0|0|0|0|0', '0|0|0|0', 0, 0, 0, 0, 0, -2790.24, -168.23, 7.20195, 266.518, -2803.94, -167.806, 6.7316, 0.1948, 0, '', 0, 0, 0, '', '', '', 3, 0, 0, 0, 0, 0),
(296, 1, 3, 67000, 37, '0|0|0|0|0|0|0', '0|0|0|0|0|0|0|0|0', '0|0|0|0', 0, 0, 0, 0, 0, -2791.59, -146.165, 7.85938, 266.831, -2796.14, -140.92, 6.8164, 270.357, 0, '', 0, 0, 0, '', '', '', 3, 0, 0, 0, 0, 0),
(297, 1, 3, 45000, 32, '0|0|0|0|0|0|0', '0|0|0|0|0|0|0|0|0', '0|0|0|0', 0, 0, 0, 0, 0, -2790.25, -111.235, 7.20195, 270.904, -2804.09, -117.875, 6.7317, 359.978, 0, '', 0, 0, 0, '', '', '', 3, 0, 0, 0, 0, 0),
(298, 1, 3, 39000, 28, '0|0|0|0|0|0|0', '0|0|0|0|0|0|0|0|0', '0|0|0|0', 0, 0, 0, 0, 0, -2791.59, -107.364, 7.85938, 268.398, -2795.68, -102.182, 6.816, 271.124, 0, '', 0, 0, 0, '', '', '', 3, 0, 0, 0, 0, 0),
(299, 2, 3, 200000, 32, '0|0|0|0|0|0|0', '0|0|0|0|0|0|0|0|0', '0|0|0|0', 0, 0, 0, 0, 0, -2791.6, 218.806, 7.85938, 273.357, -2796.05, 223.798, 6.8125, 269.311, 0, '', 0, 0, 0, '', '', '', 3, 0, 0, 0, 0, 0),
(300, 2, 3, 150000, 37, '0|0|0|0|0|0|0', '0|0|0|0|0|0|0|0|0', '0|0|0|0', 0, 0, 0, 0, 0, -2791.77, 212, 10.0547, 174.97, -2795.72, 209.732, 6.8123, 269.924, 0, '', 0, 0, 0, '', '', '', 3, 0, 0, 0, 0, 0),
(301, 2, 3, 45000, 20, '0|0|0|0|0|0|0', '0|0|0|0|0|0|0|0|0', '0|0|0|0', 0, 0, 0, 0, 0, -2790.25, -82.705, 7.19531, 266.518, -2804.03, -83.2007, 6.7359, 179.313, 0, '', 0, 0, 0, '', '', '', 3, 0, 0, 0, 0, 0),
(302, 2, 3, 150999, 28, '0|0|0|0|0|0|0', '0|0|0|0|0|0|0|0|0', '0|0|0|0', 0, 0, 0, 0, 0, -2791.59, 200.624, 7.85938, 274.298, -2796.07, 205.689, 6.8123, 268.987, 0, '', 0, 0, 0, '', '', '', 3, 0, 0, 0, 0, 0),
(303, 2, 3, 199999, 32, '0|0|0|0|0|0|0', '0|0|0|0|0|0|0|0|0', '0|0|0|0', 0, 0, 0, 0, 0, -2791.96, 194.577, 10.0547, 355.765, -2795.77, 196.857, 6.8122, 270.578, 0, '', 0, 0, 0, '', '', '', 3, 0, 0, 0, 0, 0),
(304, 2, 3, 210000, 37, '0|0|0|0|0|0|0', '0|0|0|0|0|0|0|0|0', '0|0|0|0', 0, 0, 0, 0, 0, -2789.18, 183.856, 10.0625, 269.934, -2796.3, 180.914, 6.8125, 270.496, 0, '', 0, 0, 0, '', '', '', 3, 0, 0, 0, 0, 0),
(305, 2, 3, 177777, 32, '0|0|0|0|0|0|0', '0|0|0|0|0|0|0|0|0', '0|0|0|0', 0, 0, 0, 0, 0, -2792.02, 143.272, 10.0547, 358.922, -2796, 145.691, 6.816, 269.341, 0, '', 0, 0, 0, '', '', '', 3, 0, 0, 0, 0, 0),
(306, 2, 3, 150000, 28, '0|0|0|0|0|0|0', '0|0|0|0|0|0|0|0|0', '0|0|0|0', 0, 0, 0, 0, 0, -2791.58, 130.724, 7.85938, 273.404, -2795.88, 135.744, 6.8161, 269.366, 0, '', 0, 0, 0, '', '', '', 3, 0, 0, 0, 0, 0),
(307, 0, 3, 175000, 28, '0|0|0|0|0|0|0', '0|0|0|0|0|0|0|0|0', '0|0|0|0', 0, 0, 0, 0, 0, -2790.25, 126.964, 7.20195, 275.284, -2804.24, 130.473, 6.7281, 2.0901, 0, '', 0, 0, 0, '', '', '', 3, 0, 0, 0, 0, 0),
(308, 1, 3, 50000, 5, '0|0|0|0|0|0|0', '0|0|0|0|0|0|0|0|0', '0|0|0|0', 0, 0, 0, 0, 0, -2786.76, 120.222, 10.0625, 270.271, -2804.02, 119.873, 6.7281, 0.2516, 0, '', 0, 0, 0, '', '', '', 3, 0, 0, 0, 0, 0),
(309, 2, 3, 210999, 32, '0|0|0|0|0|0|0', '0|0|0|0|0|0|0|0|0', '0|0|0|0', 0, 0, 0, 0, 0, -2791.86, 103.595, 10.0547, 175.017, -2795.69, 101.275, 6.816, 270.104, 0, '', 0, 0, 0, '', '', '', 3, 0, 0, 0, 0, 0),
(310, 2, 3, 150000, 28, '0|0|0|0|0|0|0', '0|0|0|0|0|0|0|0|0', '0|0|0|0', 0, 0, 0, 0, 0, -2791.59, 92.1976, 7.85938, 268.078, -2796.03, 97.0696, 6.8123, 270.118, 0, '', 0, 0, 0, '', '', '', 3, 0, 0, 0, 0, 0),
(311, 2, 3, 175000, 32, '0|0|0|0|0|0|0', '0|0|0|0|0|0|0|0|0', '0|0|0|0', 0, 0, 0, 0, 0, -2791.88, 77.5953, 10.0547, 4.27178, -2796.05, 79.9576, 6.8163, 269.727, 0, '', 0, 0, 0, '', '', '', 3, 0, 0, 0, 0, 0),
(312, 1, 3, 50000, 5, '0|0|0|0|0|0|0', '0|0|0|0|0|0|0|0|0', '0|0|0|0', 0, 0, 0, 0, 0, -2786.75, 62.9564, 10.0625, 273.428, -2804, 62.5659, 6.7243, 358.205, 0, '', 0, 0, 0, '', '', '', 3, 0, 0, 0, 0, 0),
(313, 1, 3, 65000, 6, '0|0|0|0|0|0|0', '0|0|0|0|0|0|0|0|0', '0|0|0|0', 0, 0, 0, 0, 0, -2790.24, 70.0638, 7.20195, 271.861, -2804.09, 69.8188, 6.7311, 1.0555, 0, '', 0, 0, 0, '', '', '', 3, 0, 0, 0, 0, 0),
(314, 1, 3, 55999, 5, '0|0|0|0|0|0|0', '0|0|0|0|0|0|0|0|0', '0|0|0|0', 0, 0, 0, 0, 0, -2786.76, 0.464861, 10.0625, 269.668, -2796.93, -5.3017, 6.6561, 268.25, 0, '', 0, 0, 0, '', '', '', 3, 0, 0, 0, 0, 0),
(315, 1, 3, 57999, 6, '0|0|0|0|0|0|0', '0|0|0|0|0|0|0|0|0', '0|0|0|0', 0, 0, 0, 0, 0, -2790.25, 7.24388, 7.19531, 272.488, -2804.03, 7.2952, 6.7322, 0.0641, 0, '', 0, 0, 0, '', '', '', 3, 0, 0, 0, 0, 0),
(316, 2, 3, 175888, 32, '0|0|0|0|0|0|0', '0|0|0|0|0|0|0|0|0', '0|0|0|0', 0, 0, 0, 0, 0, -2791.59, -17.7839, 7.85938, 270.608, -2796.07, -12.7713, 6.8123, 270.846, 0, '', 0, 0, 0, '', '', '', 3, 0, 0, 0, 0, 0),
(317, 2, 3, 151337, 32, '0|0|0|0|0|0|0', '0|0|0|0|0|0|0|0|0', '0|0|0|0', 0, 0, 0, 0, 0, -2791.63, -24.3981, 10.0547, 181.62, -2796.16, -26.9199, 6.8162, 270.452, 0, '', 0, 0, 0, '', '', '', 3, 0, 0, 0, 0, 0),
(318, 2, 3, 175000, 28, '0|0|0|0|0|0|0', '0|0|0|0|0|0|0|0|0', '0|0|0|0', 0, 0, 0, 0, 0, -2791.59, -35.8983, 7.85938, 272.488, -2796.23, -30.864, 6.8163, 270.361, 0, '', 0, 0, 0, '', '', '', 3, 0, 0, 0, 0, 0),
(319, 2, 3, 195000, 37, '0|0|0|0|0|0|0', '0|0|0|0|0|0|0|0|0', '0|0|0|0', 0, 0, 0, 0, 0, -2791.79, -41.8138, 10.0547, 4.92183, -2796.12, -39.3867, 6.8166, 269.34, 0, '', 0, 0, 0, '', '', '', 3, 0, 0, 0, 0, 0),
(320, 3, 3, 250000, 37, '0|0|0|0|0|0|0', '0|0|0|0|0|0|0|0|0', '0|0|0|0', 0, 0, 0, 0, 0, -2789.17, -52.7138, 10.0625, 267.498, -2795.77, -55.2986, 6.8161, 270.308, 0, '', 0, 0, 0, '', '', '', 3, 0, 0, 0, 0, 0),
(321, 1, 3, 57777, 6, '0|0|0|0|0|0|0', '0|0|0|0|0|0|0|0|0', '0|0|0|0', 0, 0, 0, 0, 0, -2786.76, -89.3879, 10.0625, 270.004, -2796.1, -92.2552, 6.8125, 269.197, 0, '', 0, 0, 0, '', '', '', 3, 0, 0, 0, 0, 0),
(322, 1, 3, 57000, 6, '0|0|0|0|0|0|0', '0|0|0|0|0|0|0|0|0', '0|0|0|0', 0, 0, 0, 0, 0, -2786.75, -175.374, 10.0625, 269.378, -2803.9, -174.766, 6.7317, 0.2904, 0, '', 0, 0, 0, '', '', '', 3, 0, 0, 0, 0, 0),
(323, 2, 3, 178000, 28, '0|0|0|0|0|0|0', '0|0|0|0|0|0|0|0|0', '0|0|0|0', 0, 0, 0, 0, 0, -2791.92, -160.472, 10.0547, 5.25863, -2795.86, -158.09, 6.8125, 89.8449, 0, '', 0, 0, 0, '', '', '', 3, 0, 0, 0, 0, 0),
(324, 2, 3, 189228, 32, '0|0|0|0|0|0|0', '0|0|0|0|0|0|0|0|0', '0|0|0|0', 0, 0, 0, 0, 0, -2791.62, -134.468, 10.0547, 184.464, -2796.23, -136.959, 6.8126, 269.965, 0, '', 0, 0, 0, '', '', '', 3, 0, 0, 0, 0, 0),
(325, 1, 3, 57000, 6, '0|0|0|0|0|0|0', '0|0|0|0|0|0|0|0|0', '0|0|0|0', 0, 0, 0, 0, 0, -2684.41, -96.3043, 7.20312, 274.368, -2701.86, -96.4326, 3.8729, 1.2398, 0, '', 0, 0, 0, '', '', '', 3, 0, 0, 0, 0, 0),
(326, 2, 3, 150777, 32, '0|0|0|0|0|0|0', '0|0|0|0|0|0|0|0|0', '0|0|0|0', 0, 0, 0, 0, 0, -2689.57, -101.604, 7.20312, 7.11544, -2693.32, -99.1992, 3.9607, 269.937, 0, '', 0, 0, 0, '', '', '', 3, 0, 0, 0, 0, 0),
(327, 1, 3, 57000, 6, '0|0|0|0|0|0|0', '0|0|0|0|0|0|0|0|0', '0|0|0|0', 0, 0, 0, 0, 0, -2684.41, -125.042, 7.20312, 272.198, -2701.74, -124.849, 3.8765, 180.345, 0, '', 0, 0, 0, '', '', '', 3, 0, 0, 0, 0, 0),
(328, 1, 3, 59000, 6, '0|0|0|0|0|0|0', '0|0|0|0|0|0|0|0|0', '0|0|0|0', 0, 0, 0, 0, 0, -2728.17, -98.6881, 7.20312, 92.343, -2710.81, -97.9731, 3.876, 359.64, 0, '', 0, 0, 0, '', '', '', 3, 0, 0, 0, 0, 0),
(329, 2, 3, 150000, 15, '0|0|0|0|0|0|0', '0|0|0|0|0|0|0|0|0', '0|0|0|0', 0, 0, 0, 0, 0, -2722.99, -113.391, 7.20312, 187.284, -2718.56, -115.664, 3.9609, 89.7682, 0, '', 0, 0, 0, '', '', '', 3, 0, 0, 0, 0, 0),
(330, 2, 3, 179228, 28, '0|0|0|0|0|0|0', '0|0|0|0|0|0|0|0|0', '0|0|0|0', 0, 0, 0, 0, 0, -2689.48, -141.289, 7.20312, 181.33, -2693.89, -143.69, 3.9608, 269.625, 0, '', 0, 0, 0, '', '', '', 3, 0, 0, 0, 0, 0),
(331, 2, 3, 199228, 28, '0|0|0|0|0|0|0', '0|0|0|0|0|0|0|0|0', '0|0|0|0', 0, 0, 0, 0, 0, -2722.93, -179.077, 7.20312, 186.031, -2710.78, -177.18, 3.8764, 359.691, 0, '', 0, 0, 0, '', '', '', 3, 0, 0, 0, 0, 0),
(332, 1, 3, 59228, 6, '0|0|0|0|0|0|0', '0|0|0|0|0|0|0|0|0', '0|0|0|0', 0, 0, 0, 0, 0, -2728.16, -184.44, 7.20312, 92.343, 0, 0, 0, 0, 0, '', 0, 0, 0, '', '', '', 3, 0, 0, 0, 0, 0),
(333, 1, 3, 59228, 6, '0|0|0|0|0|0|0', '0|0|0|0|0|0|0|0|0', '0|0|0|0', 0, 0, 0, 0, 0, -2684.4, -181.954, 7.20312, 271.885, -2701.8, -181.649, 3.8764, 179.028, 0, '', 0, 0, 0, '', '', '', 3, 0, 0, 0, 0, 0);

-- --------------------------------------------------------

--
-- Структура таблицы `logs`
--

CREATE TABLE IF NOT EXISTS `logs` (
  `ID` int(10) unsigned NOT NULL AUTO_INCREMENT,
  `Text` text NOT NULL,
  `Date` varchar(64) NOT NULL,
  `privel` int(11) NOT NULL DEFAULT '0',
  PRIMARY KEY (`ID`)
) ENGINE=MyISAM  DEFAULT CHARSET=cp1251 AUTO_INCREMENT=23849 ;

-- --------------------------------------------------------

--
-- Структура таблицы `log_transfer`
--

CREATE TABLE IF NOT EXISTS `log_transfer` (
  `id` int(9) NOT NULL AUTO_INCREMENT,
  `sender` varchar(35) CHARACTER SET cp1250 COLLATE cp1250_bin NOT NULL,
  `reciver` varchar(35) CHARACTER SET cp1250 COLLATE cp1250_bin NOT NULL,
  `date` datetime NOT NULL,
  `amount` int(11) NOT NULL,
  `remain` int(11) NOT NULL,
  `remain2` int(11) NOT NULL,
  `reason` varchar(24) COLLATE cp1251_bin NOT NULL,
  PRIMARY KEY (`id`)
) ENGINE=InnoDB  DEFAULT CHARSET=cp1251 COLLATE=cp1251_bin AUTO_INCREMENT=599 ;

--
-- Дамп данных таблицы `log_transfer`
--

INSERT INTO `log_transfer` (`id`, `sender`, `reciver`, `date`, `amount`, `remain`, `remain2`, `reason`) VALUES
(1, '-1', '5', '2014-06-07 15:59:33', 40, 0, 50, 'work'),
(2, '-1', '1', '2014-06-07 17:56:50', 12000, 0, 12010, 'atmget'),
(3, '1', '-1', '2014-06-07 17:57:13', 1, 12009, 0, 'enterbiz'),
(4, '1', '-1', '2014-06-07 17:57:18', 100, 11909, 0, 'buyphone'),
(5, '7', '-1', '2014-06-07 17:57:21', 1, 9, 0, 'enterbiz'),
(6, '1', '-1', '2014-06-07 17:57:33', 10, 11899, 0, 'simcard'),
(7, '1', '-1', '2014-06-07 17:57:53', 20, 11879, 0, 'buyphone'),
(8, '-1', '7', '2014-06-07 18:02:11', 3, 0, 12, 'listovka'),
(9, '-1', '7', '2014-06-07 18:02:40', 3, 0, 15, 'listovka'),
(10, '7', '-1', '2014-06-07 18:05:27', 1, 14, 0, 'enterbiz'),
(11, '6', '-1', '2014-06-07 18:08:12', 1, 9, 0, 'enterbiz'),
(12, '1', '-1', '2014-06-07 18:13:15', 10000, 1879, 0, 'sumki'),
(13, '1', '-1', '2014-06-07 18:48:55', 1, 1878, 0, 'enterbiz'),
(14, '1', '-1', '2014-06-07 19:34:52', 140, 1738, 0, 'buypitards'),
(15, '1', '-1', '2014-06-07 21:24:00', 5, 1733, 0, 'enterbiz'),
(16, '4', '-1', '2014-06-07 21:24:07', 5, 5, 0, 'enterbiz'),
(17, '1', '-1', '2014-06-07 21:24:10', 5, 1728, 0, 'enterbiz'),
(18, '1', '-1', '2014-06-07 21:49:08', 1000, 728, 0, 'buyskin'),
(19, '1', '-1', '2014-06-08 00:55:39', 50, 678, 0, 'chinit'),
(20, '2', '-1', '2014-06-08 18:10:07', 1, 9, 0, 'enterbiz'),
(21, '-1', '1', '2014-06-08 20:31:18', 5, 0, 683, 'work'),
(22, '-1', '9', '2014-06-08 20:32:05', 10, 0, 20, 'work'),
(23, '-1', '9', '2014-06-08 20:33:13', 0, 0, 20, 'wood'),
(24, '-1', '1', '2014-06-08 20:34:33', 10, 0, 693, 'wood'),
(25, '-1', '9', '2014-06-08 20:35:30', 0, 0, 20, 'wood'),
(26, '-1', '9', '2014-06-08 20:37:52', 0, 0, 20, 'wood'),
(27, '-1', '1', '2014-06-08 20:41:48', 0, 0, 693, 'wood'),
(28, '-1', '1', '2014-06-08 20:42:01', 0, 0, 693, 'wood'),
(29, '-1', '9', '2014-06-08 21:20:58', 3, 0, 23, 'listovka'),
(30, '1', '-1', '2014-06-08 21:21:45', 1, 692, 0, 'enterbiz'),
(31, '9', '-1', '2014-06-08 21:21:45', 1, 22, 0, 'enterbiz'),
(32, '-1', '9', '2014-06-08 21:22:30', 5100, 0, 5122, 'atmget'),
(33, '1', '-1', '2014-06-08 21:30:00', 50, 642, 0, 'chinit'),
(34, '-1', '9', '2014-06-08 22:30:37', 5000, 0, 10122, 'atmget'),
(35, '-1', '7', '2014-06-08 22:33:44', 3, 0, 17, 'listovka'),
(36, '-1', '0', '2014-06-08 22:36:43', 3, 0, 3, 'listovka'),
(37, '1', '-1', '2014-06-08 22:39:19', 16, 626, 0, 'buyfood'),
(38, '9', '-1', '2014-06-08 22:39:33', 16, 10106, 0, 'buyfood'),
(39, '1', '9', '2014-06-08 23:03:03', 15, 611, 10121, 'heal'),
(40, '1', '-1', '2014-06-08 23:09:24', 28, 583, 0, 'advert'),
(41, '-1', '9', '2014-06-08 23:09:33', 3, 0, 10124, 'adedit'),
(42, '1', '9', '2014-06-08 23:16:01', 1, 582, 10125, 'sellgun'),
(43, '9', '1', '2014-06-08 23:16:20', 1, 10124, 583, 'sellgun'),
(44, '-1', '1', '2014-06-09 13:33:13', 42100, 0, 42683, 'atmget'),
(45, '1', '-1', '2014-06-09 13:35:36', 200, 42483, 0, 'buyskin'),
(46, '-1', '1', '2014-06-09 17:04:13', 0, 0, 10000000, 'wood'),
(47, '-1', '7', '2014-06-09 17:05:46', 0, 0, 17, 'wood'),
(48, '-1', '6', '2014-06-09 17:08:33', 0, 0, 9, 'wood'),
(49, '-1', '6', '2014-06-09 17:11:38', 10, 0, 19, 'wood'),
(50, '-1', '7', '2014-06-09 17:13:29', 10, 0, 27, 'wood'),
(51, '-1', '6', '2014-06-09 17:18:39', 60, 0, 79, 'wood'),
(52, '-1', '6', '2014-06-09 17:19:13', 0, 0, 79, 'wood'),
(53, '-1', '6', '2014-06-09 17:20:09', 0, 0, 79, 'wood'),
(54, '-1', '11', '2014-06-09 17:37:39', 1400, 0, 1410, 'atmget'),
(55, '1', '11', '2014-06-09 18:24:30', 1000, 9999000, 2410, 'pay'),
(56, '11', '-1', '2014-06-09 18:24:44', 800, 1610, 0, 'buyskin'),
(57, '11', '-1', '2014-06-09 18:25:33', 800, 810, 0, 'buyskin'),
(58, '1', '-1', '2014-06-09 19:31:08', 500000, 9499000, 0, 'buyskin'),
(59, '-1', '11', '2014-06-09 19:32:53', 5000, 0, 5810, 'atmget'),
(60, '1', '11', '2014-06-09 19:33:09', 5000, 9494000, 10810, 'pay'),
(61, '1', '-1', '2014-06-09 19:37:40', 1000000, 8494000, 0, 'buyhouse'),
(62, '1', '-1', '2014-06-09 19:38:06', 300, 8493700, 0, 'houseimprove'),
(63, '1', '-1', '2014-06-09 19:38:11', 500, 8493200, 0, 'houseimprove'),
(64, '1', '-1', '2014-06-09 19:38:15', 1000, 8492200, 0, 'houseimprove'),
(65, '1', '-1', '2014-06-09 19:38:19', 3000, 8489200, 0, 'houseimprove'),
(66, '11', '-1', '2014-06-10 14:18:16', 800, 10010, 0, 'buyskin'),
(67, '2', '-1', '2014-06-10 17:51:32', 4, 5, 0, 'buyfood'),
(68, '2', '-1', '2014-06-10 18:00:41', 4, 1, 0, 'buyfood'),
(69, '13', '-1', '2014-06-10 18:30:39', 5, 5, 0, 'barbuydrink'),
(70, '1', '-1', '2014-06-11 22:30:14', 1, 8489199, 0, 'enterbiz'),
(71, '1', '-1', '2014-06-13 01:55:58', 20, 8489179, 0, 'advert'),
(72, '-1', '15', '2014-06-13 01:56:01', 3, 0, 13, 'adedit'),
(73, '1', '14', '2014-06-13 01:57:06', 5000, 8484179, 5010, 'pay'),
(74, '-1', '1', '2014-06-13 01:58:08', 3, 0, 8484182, 'listovka'),
(75, '-1', '15', '2014-06-13 01:58:35', 3, 0, 16, 'listovka'),
(76, '14', '-1', '2014-06-13 01:59:08', 1, 5009, 0, 'enterbiz'),
(77, '1', '15', '2014-06-13 01:59:09', 5000, 8479182, 5016, 'pay'),
(78, '15', '-1', '2014-06-13 01:59:11', 1, 5015, 0, 'enterbiz'),
(79, '1', '-1', '2014-06-13 01:59:14', 1, 8479181, 0, 'enterbiz'),
(80, '15', '-1', '2014-06-13 01:59:23', 100, 4915, 0, 'buyphone'),
(81, '14', '-1', '2014-06-13 01:59:23', 100, 4909, 0, 'buyphone'),
(82, '15', '-1', '2014-06-13 01:59:43', 10, 4905, 0, 'simcard'),
(83, '14', '-1', '2014-06-13 01:59:58', 10, 4899, 0, 'simcard'),
(84, '15', '-1', '2014-06-13 02:06:05', 1, 4904, 0, 'Sklad'),
(85, '15', '-1', '2014-06-13 02:07:26', 1, 4903, 0, 'Sklad'),
(86, '15', '-1', '2014-06-13 02:11:20', 1, 4902, 0, 'Sklad'),
(87, '-1', '14', '2014-06-13 02:16:25', 10, 0, 4909, 'wood'),
(88, '-1', '15', '2014-06-13 02:17:55', 10, 0, 4912, 'wood'),
(89, '-1', '15', '2014-06-13 02:18:39', 0, 0, 4912, 'wood'),
(90, '-1', '14', '2014-06-13 02:18:50', 0, 0, 4909, 'wood'),
(91, '15', '-1', '2014-06-13 02:46:18', 200, 4712, 0, 'dozer'),
(92, '1', '-1', '2014-06-13 02:46:20', 200, 8478981, 0, 'dozer'),
(93, '14', '-1', '2014-06-13 02:46:33', 200, 4709, 0, 'dozer'),
(94, '15', '-1', '2014-06-13 02:58:43', 1, 4711, 0, 'enterbiz'),
(95, '14', '-1', '2014-06-13 02:58:47', 1, 4708, 0, 'enterbiz'),
(96, '1', '-1', '2014-06-13 02:58:47', 1, 8478980, 0, 'enterbiz'),
(97, '14', '-1', '2014-06-13 02:59:04', 15, 4693, 0, 'buymask'),
(98, '1', '-1', '2014-06-13 02:59:07', 15, 8478965, 0, 'buymask'),
(99, '15', '-1', '2014-06-13 02:59:07', 15, 4696, 0, 'buymask'),
(100, '-1', '6', '2014-06-13 09:40:22', 2000, 0, 2079, 'atmget'),
(101, '6', '-1', '2014-06-13 09:41:27', 1, 2078, 0, 'enterbiz'),
(102, '6', '-1', '2014-06-13 09:41:31', 100, 1978, 0, 'buyphone'),
(103, '6', '-1', '2014-06-13 09:42:06', 10, 1968, 0, 'simcard'),
(104, '-1', '18', '2014-06-13 17:14:44', 0, 0, 10, 'wood'),
(105, '-1', '25', '2014-06-13 17:18:49', 100, 0, 110, 'atmget'),
(106, '6', '22', '2014-06-13 17:26:23', 99999999, -99998031, 100000009, 'instrexam'),
(107, '6', '22', '2014-06-13 17:26:43', -1981284353, 1881286322, -1881284344, 'instrexam'),
(108, '1', '-1', '2014-06-13 17:27:04', 20, 8478945, 0, 'advert'),
(109, '-1', '18', '2014-06-13 17:27:12', 3, 0, 13, 'adedit'),
(110, '22', '22', '2014-06-13 17:27:37', 1215752191, -1881284344, -665532153, 'instrexam'),
(111, '6', '22', '2014-06-13 17:27:40', 1215752191, 665534131, -665532153, 'instrexam'),
(112, '-1', '27', '2014-06-13 17:28:45', 100, 0, 110, 'atmget'),
(113, '18', '22', '2014-06-13 17:28:55', 2147483647, -2147483634, 1481951494, 'instrexam'),
(114, '25', '-1', '2014-06-13 17:32:50', 50, 60, 0, 'aptechka'),
(115, '22', '-1', '2014-06-13 17:34:29', 250000, 1481701494, 0, 'buybusiness'),
(116, '21', '19', '2014-06-13 17:36:52', 1, 9, 11, 'instrexam'),
(117, '23', '25', '2014-06-13 17:37:46', 100, -90, 160, 'instrexam'),
(118, '11', '19', '2014-06-13 17:38:39', 10009, 1, 10020, 'instrexam'),
(119, '-1', '29', '2014-06-13 17:39:58', 10, 0, 20, 'wood'),
(120, '-1', '22', '2014-06-13 17:41:22', 250000, 0, 1481951494, 'gossellbusiness'),
(121, '-1', '30', '2014-06-13 17:41:31', 100, 0, 110, 'atmget'),
(122, '22', '-1', '2014-06-13 17:43:42', 1, 1481951493, 0, 'enterbiz'),
(123, '22', '-1', '2014-06-13 17:43:45', 100, 1481951393, 0, 'buyphone'),
(124, '-1', '29', '2014-06-13 17:44:01', 5, 0, 25, 'work'),
(125, '22', '-1', '2014-06-13 17:44:04', 10, 1481951383, 0, 'simcard'),
(126, '23', '25', '2014-06-13 17:44:10', 10000, -10090, 10160, 'instrexam'),
(127, '1', '25', '2014-06-13 17:44:32', 1000000, 7478945, 1010160, 'instrexam'),
(128, '30', '22', '2014-06-13 17:45:02', 1410065407, -1410065297, -1402950506, 'instrexam'),
(129, '26', '23', '2014-06-13 18:11:27', -727379969, 727379979, -727390059, 'instrexam'),
(130, '26', '-1', '2014-06-13 18:11:41', 100, 727379879, 0, 'buycveti'),
(131, '26', '-1', '2014-06-13 18:11:54', 10000, 727369879, 0, 'sumki'),
(132, '26', '-1', '2014-06-13 18:12:01', 500, 727369379, 0, 'buyparashut'),
(133, '23', '25', '2014-06-13 18:13:08', 100000, -727490059, 1110160, 'instrexam'),
(134, '23', '25', '2014-06-13 18:13:14', 100000000, -827490059, 101110160, 'instrexam'),
(135, '31', '25', '2014-06-13 18:13:34', 999999, -999989, 102110159, 'instrexam'),
(136, '25', '-1', '2014-06-13 18:14:53', 10000, 102100159, 0, 'sumki'),
(137, '25', '-1', '2014-06-13 18:15:01', 50, 102100109, 0, 'aptechka'),
(138, '25', '-1', '2014-06-13 18:15:04', 100, 102100009, 0, 'buycveti'),
(139, '24', '25', '2014-06-13 18:15:05', 99999999, -99999989, 202100008, 'instrexam'),
(140, '25', '-1', '2014-06-13 18:15:06', 70, 202099938, 0, 'buytrost'),
(141, '25', '-1', '2014-06-13 18:15:08', 500, 202099438, 0, 'buyparashut'),
(142, '25', '-1', '2014-06-13 18:15:11', 15, 202099423, 0, 'buymask'),
(143, '25', '-1', '2014-06-13 18:15:13', 300, 202099123, 0, 'buyphoto'),
(144, '24', '25', '2014-06-13 18:15:26', 1, -99999990, 202099124, 'instrexam'),
(145, '24', '25', '2014-06-13 18:15:31', 1, -99999991, 202099125, 'instrexam'),
(146, '24', '25', '2014-06-13 18:15:38', -2, -99999989, 202099123, 'instrexam'),
(147, '24', '25', '2014-06-13 18:15:46', -1316134911, 1216134922, -1114035788, 'instrexam'),
(148, '23', '25', '2014-06-13 18:16:03', 999999999, -1827490058, -114035789, 'instrexam'),
(149, '23', '25', '2014-06-13 18:16:26', -10000000, -1817490058, -124035789, 'instrexam'),
(150, '31', '25', '2014-06-13 18:16:32', -10000000, 9000011, -134035789, 'instrexam'),
(151, '24', '25', '2014-06-13 18:16:48', -10000000, 1226134922, -144035789, 'instrexam'),
(152, '31', '-1', '2014-06-13 18:16:50', 10000, 8990011, 0, 'sumki'),
(153, '31', '-1', '2014-06-13 18:16:58', 15, 8989996, 0, 'buymask'),
(154, '31', '-1', '2014-06-13 18:17:03', 50, 8989946, 0, 'aptechka'),
(155, '24', '-1', '2014-06-13 18:17:10', 15, 1226134907, 0, 'buymask'),
(156, '24', '-1', '2014-06-13 18:17:18', 50, 1226134857, 0, 'aptechka'),
(157, '24', '-1', '2014-06-13 18:17:20', 100, 1226134757, 0, 'buycveti'),
(158, '24', '-1', '2014-06-13 18:17:21', 70, 1226134687, 0, 'buytrost'),
(159, '24', '-1', '2014-06-13 18:17:22', 500, 1226134187, 0, 'buyparashut'),
(160, '24', '-1', '2014-06-13 18:17:27', 300, 1226133887, 0, 'buyphoto'),
(161, '24', '-1', '2014-06-13 18:17:28', 10000, 1226123887, 0, 'sumki'),
(162, '23', '25', '2014-06-13 18:17:29', 100000000, -1917490058, -44035789, 'instrexam'),
(163, '26', '-1', '2014-06-13 18:17:51', 90000, 727279379, 0, 'buybusiness'),
(164, '31', '-1', '2014-06-13 18:18:22', 1, 8989945, 0, 'enterbiz'),
(165, '31', '-1', '2014-06-13 18:18:27', 100, 8989845, 0, 'buyphone'),
(166, '-1', '26', '2014-06-13 18:18:31', 90000, 0, 727369379, 'gossellbusiness'),
(167, '31', '-1', '2014-06-13 18:18:35', 10, 8989835, 0, 'simcard'),
(168, '26', '-1', '2014-06-13 18:19:44', 1, 727369378, 0, 'enterbiz'),
(169, '26', '-1', '2014-06-13 18:19:49', 100, 727369278, 0, 'buyphone'),
(170, '26', '-1', '2014-06-13 18:19:56', 10, 727369268, 0, 'simcard'),
(171, '31', '-1', '2014-06-13 18:20:48', 1, 8989834, 0, 'enterbiz'),
(172, '31', '-1', '2014-06-13 18:20:53', 1, 8989833, 0, 'enterbiz'),
(173, '31', '-1', '2014-06-13 18:20:57', 1500, 8988333, 0, 'buybigsalut'),
(174, '26', '-1', '2014-06-13 18:21:10', 1, 727369267, 0, 'enterbiz'),
(175, '26', '-1', '2014-06-13 18:21:15', 1500, 727367767, 0, 'buybigsalut'),
(176, '24', '-1', '2014-06-13 18:21:22', 600000, 1225523887, 0, 'buybusiness'),
(177, '24', '-1', '2014-06-13 18:21:28', 100, 1225523787, 0, 'barbuydrink'),
(178, '31', '-1', '2014-06-13 18:21:57', 50, 8988283, 0, 'aptechka'),
(179, '24', '-1', '2014-06-13 18:22:30', 1, 1225523786, 0, 'enterbiz'),
(180, '24', '-1', '2014-06-13 18:22:34', 1500, 1225522286, 0, 'buybigsalut'),
(181, '24', '-1', '2014-06-13 18:22:50', 1, 1225522285, 0, 'enterbiz'),
(182, '24', '-1', '2014-06-13 18:22:53', 1500, 1225520785, 0, 'buybigsalut'),
(183, '-1', '23', '2014-06-13 18:22:56', 100, 0, -1917489958, 'atmget'),
(184, '26', '-1', '2014-06-13 18:22:56', 1, 727367766, 0, 'enterbiz'),
(185, '26', '-1', '2014-06-13 18:23:00', 1500, 727366266, 0, 'buybigsalut'),
(186, '22', '22', '2014-06-13 18:23:11', 1410065407, -1402950506, 7114901, 'instrexam'),
(187, '26', '-1', '2014-06-13 18:23:11', 1, 727366265, 0, 'enterbiz'),
(188, '26', '-1', '2014-06-13 18:23:15', 1500, 727364765, 0, 'buybigsalut'),
(189, '31', '-1', '2014-06-13 18:23:20', 1, 8988282, 0, 'enterbiz'),
(190, '22', '22', '2014-06-13 18:23:20', 99999999, -1402950506, -1302950507, 'instrexam'),
(191, '22', '22', '2014-06-13 18:23:23', 99999999, -1402950506, -1302950507, 'instrexam'),
(192, '31', '-1', '2014-06-13 18:23:23', 1500, 8986782, 0, 'buybigsalut'),
(193, '22', '22', '2014-06-13 18:23:25', 99999999, -1402950506, -1302950507, 'instrexam'),
(194, '22', '22', '2014-06-13 18:23:31', 99999999, -1402950506, -1302950507, 'instrexam'),
(195, '22', '22', '2014-06-13 18:23:40', 0, -1402950506, -1402950506, 'instrexam'),
(196, '22', '22', '2014-06-13 18:23:49', 99999, -1402950506, -1402850507, 'instrexam'),
(197, '22', '22', '2014-06-13 18:23:51', 99999, -1402950506, -1402850507, 'instrexam'),
(198, '22', '22', '2014-06-13 18:23:52', 99999, -1402950506, -1402850507, 'instrexam'),
(199, '22', '22', '2014-06-13 18:23:53', 99999, -1402950506, -1402850507, 'instrexam'),
(200, '22', '22', '2014-06-13 18:24:22', 1402950506, -1402950506, 0, 'instrexam'),
(201, '22', '22', '2014-06-13 18:24:28', 1402950506, -1402950506, 0, 'instrexam'),
(202, '19', '-1', '2014-06-13 18:33:00', 16, 10004, 0, 'buyfood'),
(203, '31', '-1', '2014-06-13 18:34:23', 800000, 8186782, 0, 'fillingbuy'),
(204, '31', '-1', '2014-06-13 18:34:45', 400000, 7786782, 0, 'tanksize'),
(205, '-1', '19', '2014-06-13 18:36:05', 100, 0, 10104, 'atmget'),
(206, '19', '-1', '2014-06-13 18:36:27', 5000, 5104, 0, 'atmput'),
(207, '31', '-1', '2014-06-13 18:42:31', 300000, 7486782, 0, 'buyskin'),
(208, '-1', '25', '2014-06-13 18:43:25', 5, 0, -44035784, 'work'),
(209, '26', '-1', '2014-06-13 18:46:53', 50000, 727314765, 0, 'buyhouse'),
(210, '26', '-1', '2014-06-13 18:47:03', 300, 727314465, 0, 'houseimprove'),
(211, '26', '-1', '2014-06-13 18:47:17', 500, 727313965, 0, 'houseimprove'),
(212, '26', '-1', '2014-06-13 18:47:21', 1000, 727312965, 0, 'houseimprove'),
(213, '26', '-1', '2014-06-13 18:47:25', 3000, 727309965, 0, 'houseimprove'),
(214, '26', '-1', '2014-06-13 18:47:28', 5000, 727304965, 0, 'houseimprove'),
(215, '26', '-1', '2014-06-13 18:47:32', 10000, 727294965, 0, 'houseimprove'),
(216, '31', '-1', '2014-06-13 18:47:46', 1000000, 6486782, 0, 'buyhouse'),
(217, '1', '-1', '2014-06-13 18:48:04', 1, 7478944, 0, 'enterbiz'),
(218, '31', '-1', '2014-06-13 18:48:46', 500000, 5986782, 0, 'buycar'),
(219, '-1', '26', '2014-06-13 18:50:50', 40000, 0, 727334965, 'gossellhouse'),
(220, '26', '-1', '2014-06-13 18:51:09', 50, 727334915, 0, 'chinit'),
(221, '26', '-1', '2014-06-13 18:51:41', 1000000, 726334915, 0, 'fillingbuy'),
(222, '26', '25', '2014-06-13 18:51:52', 60000000, 666334915, 15964216, 'instrexam'),
(223, '31', '-1', '2014-06-13 18:52:13', 100, 5986682, 0, 'fixcar'),
(224, '26', '-1', '2014-06-13 18:52:22', 300000, 666034915, 0, 'tanksize'),
(225, '26', '-1', '2014-06-13 18:52:27', 400000, 665634915, 0, 'tanksize'),
(226, '26', '-1', '2014-06-13 18:52:33', 500000, 665134915, 0, 'tanksize'),
(227, '26', '-1', '2014-06-13 18:52:39', 600000, 664534915, 0, 'tanksize'),
(228, '26', '-1', '2014-06-13 18:54:02', 800000, 663734915, 0, 'buyhouse'),
(229, '25', '-1', '2014-06-13 18:54:04', 700000, 15264216, 0, 'buyhouse'),
(230, '26', '-1', '2014-06-13 18:54:24', 300, 663734615, 0, 'houseimprove'),
(231, '26', '-1', '2014-06-13 18:54:27', 500, 663734115, 0, 'houseimprove'),
(232, '26', '-1', '2014-06-13 18:54:30', 1000, 663733115, 0, 'houseimprove'),
(233, '26', '-1', '2014-06-13 18:54:33', 3000, 663730115, 0, 'houseimprove'),
(234, '26', '-1', '2014-06-13 18:54:37', 5000, 663725115, 0, 'houseimprove'),
(235, '26', '-1', '2014-06-13 18:54:40', 10000, 663715115, 0, 'houseimprove'),
(236, '19', '-1', '2014-06-13 18:55:04', 50, 5054, 0, 'chinit'),
(237, '19', '-1', '2014-06-13 18:55:12', 50, 5004, 0, 'chinit'),
(238, '19', '-1', '2014-06-13 18:55:17', 50, 4954, 0, 'chinit'),
(239, '19', '-1', '2014-06-13 18:55:36', 50, 4904, 0, 'chinit'),
(240, '26', '-1', '2014-06-13 18:56:35', 500000, 663215115, 0, 'buycar'),
(241, '26', '-1', '2014-06-13 18:56:37', 250000, 662965115, 0, 'buycar'),
(242, '26', '-1', '2014-06-13 18:56:40', 200000, 662765115, 0, 'buycar'),
(243, '25', '-1', '2014-06-13 18:56:43', 250000, 15014216, 0, 'buycar'),
(244, '25', '-1', '2014-06-13 18:56:46', 500000, 14514216, 0, 'buycar'),
(245, '25', '-1', '2014-06-13 18:56:54', 120000, 14394216, 0, 'buycar'),
(246, '-1', '26', '2014-06-13 18:57:56', 250000, 0, 663015115, 'gossellcar'),
(247, '33', '-1', '2014-06-13 18:58:06', 1, 9, 0, 'enterbiz'),
(248, '-1', '25', '2014-06-13 18:58:50', 150000, 0, 14544216, 'gossellcar'),
(249, '25', '-1', '2014-06-13 18:59:39', 200000, 14344216, 0, 'buycar'),
(250, '26', '-1', '2014-06-13 18:59:49', 500000, 662515115, 0, 'buycar'),
(251, '26', '-1', '2014-06-13 19:00:02', 100000, 662415115, 0, 'atmput'),
(252, '26', '-1', '2014-06-13 19:00:05', 100000, 662315115, 0, 'atmput'),
(253, '26', '-1', '2014-06-13 19:00:11', 100000, 662215115, 0, 'atmput'),
(254, '26', '-1', '2014-06-13 19:00:18', 100000, 662115115, 0, 'atmput'),
(255, '26', '-1', '2014-06-13 19:00:21', 100000, 662015115, 0, 'atmput'),
(256, '26', '-1', '2014-06-13 19:00:23', 100000, 661915115, 0, 'atmput'),
(257, '26', '-1', '2014-06-13 19:00:25', 100000, 661815115, 0, 'atmput'),
(258, '26', '-1', '2014-06-13 19:00:28', 100000, 661715115, 0, 'atmput'),
(259, '26', '-1', '2014-06-13 19:00:34', 100000, 661615115, 0, 'atmput'),
(260, '-1', '37', '2014-06-13 19:01:00', 100, 0, 110, 'atmget'),
(261, '26', '-1', '2014-06-13 19:01:01', 10000, 661605115, 0, 'atmput'),
(262, '25', '-1', '2014-06-13 19:02:06', 1, 14344215, 0, 'enterbiz'),
(263, '25', '-1', '2014-06-13 19:02:10', 100, 14344115, 0, 'buyphone'),
(264, '25', '-1', '2014-06-13 19:02:21', 10, 14344105, 0, 'simcard'),
(265, '25', '-1', '2014-06-13 19:03:08', 10000, 14334105, 0, 'atmput'),
(266, '25', '-1', '2014-06-13 19:03:51', 100000, 14234105, 0, 'atmput'),
(267, '25', '-1', '2014-06-13 19:04:17', 100000, 14134105, 0, 'atmput'),
(268, '25', '-1', '2014-06-13 19:04:22', 100000, 14034105, 0, 'atmput'),
(269, '25', '-1', '2014-06-13 19:06:21', 100, 14034005, 0, 'fixcar'),
(270, '25', '-1', '2014-06-13 19:06:34', 300, 14033705, 0, 'houseimprove'),
(271, '25', '-1', '2014-06-13 19:06:37', 500, 14033205, 0, 'houseimprove'),
(272, '25', '-1', '2014-06-13 19:06:40', 1000, 14032205, 0, 'houseimprove'),
(273, '25', '-1', '2014-06-13 19:06:44', 3000, 14029205, 0, 'houseimprove'),
(274, '25', '-1', '2014-06-13 19:06:48', 5000, 14024205, 0, 'houseimprove'),
(275, '25', '-1', '2014-06-13 19:06:52', 10000, 14014205, 0, 'houseimprove'),
(276, '-1', '26', '2014-06-13 19:06:55', 1000000, 0, 662605115, 'fillingsell'),
(277, '25', '-1', '2014-06-13 19:23:15', 1, 14014204, 0, 'enterbiz'),
(278, '-1', '26', '2014-06-13 19:28:44', 625000, 0, 663230115, 'gossellcar'),
(279, '26', '-1', '2014-06-13 19:29:11', 69000, 663161115, 0, 'buycar'),
(280, '19', '-1', '2014-06-13 19:34:32', 1, 4903, 0, 'enterbiz'),
(281, '19', '-1', '2014-06-13 19:34:37', 100, 4803, 0, 'buyphone'),
(282, '19', '-1', '2014-06-13 19:34:55', 10, 4793, 0, 'simcard'),
(283, '19', '-1', '2014-06-13 19:36:40', 50, 4743, 0, 'chinit'),
(284, '-1', '19', '2014-06-13 19:43:56', 5, 0, 4748, 'arrested'),
(285, '19', '-1', '2014-06-13 20:12:31', 400, 4348, 0, 'barbuydrink'),
(286, '-1', '38', '2014-06-13 20:19:54', 100, 0, 110, 'atmget'),
(287, '22', '19', '2014-06-13 20:22:01', 1000000, -1403950506, 1004348, 'instrexam'),
(288, '38', '22', '2014-06-13 20:22:16', 1569325055, -1569324945, 165374549, 'instrexam'),
(289, '19', '-1', '2014-06-13 20:23:47', 50000, 954348, 0, 'buyhouse'),
(290, '1', '-1', '2014-06-13 20:25:42', 1, 7478943, 0, 'enterbiz'),
(291, '19', '-1', '2014-06-13 20:27:03', 10000, 944348, 0, 'atmput'),
(292, '19', '-1', '2014-06-13 20:34:39', 50, 944298, 0, 'aptechka'),
(293, '19', '-1', '2014-06-13 20:34:53', 15, 944283, 0, 'buymask'),
(294, '19', '-1', '2014-06-13 20:35:15', 10000, 934283, 0, 'sumki'),
(295, '-1', '39', '2014-06-13 21:20:40', 0, 0, 10, 'wood'),
(296, '39', '19', '2014-06-13 21:31:04', 10000000, -9999990, 10934283, 'instrexam'),
(297, '-1', '39', '2014-06-13 21:36:17', 1, 0, -9999989, 'atmget'),
(298, '-1', '39', '2014-06-13 21:36:32', 1, 0, -9999988, 'atmget'),
(299, '22', '-1', '2014-06-13 21:44:19', 3000000, 162374549, 0, 'buyhouse'),
(300, '-1', '22', '2014-06-13 21:47:37', 2400000, 0, 164774549, 'gossellhouse'),
(301, '22', '-1', '2014-06-13 21:49:27', 1000000, 163774549, 0, 'buyhouse'),
(302, '22', '-1', '2014-06-13 21:49:38', 300, 163774249, 0, 'houseimprove'),
(303, '22', '-1', '2014-06-13 21:49:44', 500, 163773749, 0, 'houseimprove'),
(304, '22', '-1', '2014-06-13 21:49:49', 1000, 163772749, 0, 'houseimprove'),
(305, '22', '-1', '2014-06-13 21:49:52', 3000, 163769749, 0, 'houseimprove'),
(306, '22', '-1', '2014-06-13 21:49:57', 5000, 163764749, 0, 'houseimprove'),
(307, '22', '-1', '2014-06-13 21:50:02', 10000, 163754749, 0, 'houseimprove'),
(308, '22', '-1', '2014-06-13 21:50:59', 250000, 163504749, 0, 'buycar'),
(309, '22', '-1', '2014-06-13 21:54:20', 100000, 163404749, 0, 'atmput'),
(310, '22', '-1', '2014-06-13 21:56:37', 1000000, 162404749, 0, 'fillingbuy'),
(311, '-1', '41', '2014-06-14 00:54:26', 100, 0, 110, 'atmget'),
(312, '-1', '20', '2014-06-14 09:11:53', 100, 0, 110, 'atmget'),
(313, '23', '25', '2014-06-14 10:05:14', 100, -1917490058, 14014304, 'instrexam'),
(314, '23', '25', '2014-06-14 10:05:22', -100, -1917489958, 14014204, 'instrexam'),
(315, '23', '25', '2014-06-14 10:05:27', -100, -1917489858, 14014104, 'instrexam'),
(316, '23', '25', '2014-06-14 10:05:30', -100, -1917489758, 14014004, 'instrexam'),
(317, '25', '-1', '2014-06-14 10:07:33', 100000, 13914004, 0, 'atmput'),
(318, '25', '-1', '2014-06-14 10:07:38', 100000, 13814004, 0, 'atmput'),
(319, '25', '-1', '2014-06-14 10:07:42', 100000, 13714004, 0, 'atmput'),
(320, '25', '-1', '2014-06-14 10:07:48', 100000, 13614004, 0, 'atmput'),
(321, '25', '25', '2014-06-14 10:08:10', 1000, 13614004, 13615004, 'instrexam'),
(322, '25', '25', '2014-06-14 10:08:16', 1000, 13614004, 13615004, 'instrexam'),
(323, '25', '25', '2014-06-14 10:08:23', 100000, 13614004, 13714004, 'instrexam'),
(324, '25', '-1', '2014-06-14 10:09:04', 100000, 13514004, 0, 'atmput'),
(325, '25', '-1', '2014-06-14 10:09:08', 100000, 13414004, 0, 'atmput'),
(326, '25', '-1', '2014-06-14 10:10:56', 600000, 12814004, 0, 'buybusiness'),
(327, '25', '-1', '2014-06-14 10:12:25', 1000, 12813004, 0, 'orderbusiprod'),
(328, '25', '-1', '2014-06-14 10:12:34', 1000, 12812004, 0, 'orderbusiprod'),
(329, '25', '-1', '2014-06-14 10:12:39', 1000, 12811004, 0, 'orderbusiprod'),
(330, '25', '-1', '2014-06-14 10:12:43', 1000, 12810004, 0, 'orderbusiprod'),
(331, '23', '25', '2014-06-14 10:15:00', -999999999, -917489759, -987189995, 'instrexam'),
(332, '23', '25', '2014-06-14 10:15:13', -999999999, 82510240, -1987189994, 'instrexam'),
(333, '23', '-1', '2014-06-14 10:16:11', 2, 82510238, 0, 'barbuydrink'),
(334, '-1', '25', '2014-06-14 10:16:36', 2, 0, -1987189992, 'businessget'),
(335, '23', '-1', '2014-06-14 10:18:57', 250000, 82260238, 0, 'buybusiness'),
(336, '23', '25', '2014-06-14 10:20:50', 10000, 82250238, -1987179992, 'instrexam'),
(337, '23', '-1', '2014-06-14 10:21:44', 1000000, 81250238, 0, 'buyhouse'),
(338, '23', '25', '2014-06-14 10:22:19', 10000, 81240238, -1987169992, 'instrexam'),
(339, '23', '-1', '2014-06-14 10:22:44', 500000, 80740238, 0, 'buycar'),
(340, '23', '-1', '2014-06-14 10:23:50', 100000, 80640238, 0, 'atmput'),
(341, '23', '-1', '2014-06-14 10:24:01', 100000, 80540238, 0, 'atmput'),
(342, '23', '-1', '2014-06-14 10:24:07', 100000, 80440238, 0, 'atmput'),
(343, '23', '25', '2014-06-14 10:24:49', 10000, 80430238, -1987159992, 'instrexam'),
(344, '23', '-1', '2014-06-14 10:25:56', 10, 80430228, 0, 'enterbiz'),
(345, '23', '-1', '2014-06-14 10:26:56', 1000, 80429228, 0, 'orderbusiprod'),
(346, '23', '-1', '2014-06-14 10:27:07', 120000, 80309228, 0, 'buyskin'),
(347, '23', '-1', '2014-06-14 10:27:15', 100, 80309128, 0, 'fixcar'),
(348, '23', '-1', '2014-06-14 10:27:19', 300, 80308828, 0, 'houseimprove'),
(349, '23', '-1', '2014-06-14 10:27:22', 500, 80308328, 0, 'houseimprove'),
(350, '23', '-1', '2014-06-14 10:27:25', 1000, 80307328, 0, 'houseimprove'),
(351, '23', '-1', '2014-06-14 10:27:28', 3000, 80304328, 0, 'houseimprove'),
(352, '23', '-1', '2014-06-14 10:27:32', 5000, 80299328, 0, 'houseimprove'),
(353, '23', '-1', '2014-06-14 10:27:36', 10000, 80289328, 0, 'houseimprove'),
(354, '23', '-1', '2014-06-14 10:28:46', 1, 80289327, 0, 'enterbiz'),
(355, '23', '-1', '2014-06-14 10:28:50', 100, 80289227, 0, 'buyphone'),
(356, '23', '-1', '2014-06-14 10:29:00', 10, 80289217, 0, 'simcard'),
(357, '23', '25', '2014-06-14 10:30:11', 50000000, 30289217, -1937159992, 'instrexam'),
(358, '-1', '25', '2014-06-14 10:34:31', 0, 0, -1937159992, 'gossellcar'),
(359, '-1', '23', '2014-06-14 10:41:22', 250000, 0, 30539217, 'gossellbusiness'),
(360, '23', '-1', '2014-06-14 10:41:28', 777000, 29762217, 0, 'fillingbuy'),
(361, '-1', '42', '2014-06-14 11:43:32', 100, 0, 110, 'atmget'),
(362, '42', '-1', '2014-06-14 11:44:37', 1, 109, 0, 'enterbiz'),
(363, '42', '-1', '2014-06-14 11:44:44', 100, 9, 0, 'buyphone'),
(364, '-1', '23', '2014-06-14 11:50:01', 777000, 0, 30539217, 'fillingsell'),
(365, '41', '-1', '2014-06-14 12:39:19', 1, 109, 0, 'enterbiz'),
(366, '41', '-1', '2014-06-14 12:42:01', 1, 108, 0, 'enterbiz'),
(367, '41', '-1', '2014-06-14 12:42:07', 100, 8, 0, 'buyphone'),
(368, '41', '-1', '2014-06-14 12:44:54', 2, 6, 0, 'buyfood'),
(369, '22', '-1', '2014-06-14 14:31:11', 1000000, 161404749, 0, 'viskabuy'),
(370, '22', '-1', '2014-06-14 14:32:11', 1000000, 160404749, 0, 'viskabuy'),
(371, '2', '-1', '2014-06-15 13:48:49', 1, 0, 0, 'enterbiz'),
(372, '43', '-1', '2014-06-15 13:48:53', 1, 9, 0, 'enterbiz'),
(373, '-1', '43', '2014-06-15 13:49:05', 50000, 0, 50009, 'admingive'),
(374, '43', '-1', '2014-06-15 13:49:07', 100, 49909, 0, 'buyphone'),
(375, '-1', '2', '2014-06-15 13:49:08', 50000, 0, 50000, 'admingive'),
(376, '43', '-1', '2014-06-15 13:49:21', 20, 49889, 0, 'buyphone'),
(377, '2', '-1', '2014-06-15 13:49:22', 100, 49900, 0, 'buyphone'),
(378, '2', '-1', '2014-06-15 13:49:30', 20, 49880, 0, 'buyphone'),
(379, '43', '-1', '2014-06-15 13:49:36', 10, 49879, 0, 'simcard'),
(380, '-1', '2', '2014-06-15 13:56:29', 0, 0, 49880, 'wood'),
(381, '-1', '43', '2014-06-15 13:56:36', 0, 0, 49879, 'wood'),
(382, '1', '1', '2014-06-16 00:48:29', 5000, 7478943, 7483943, 'instrexam'),
(383, '44', '-1', '2014-06-16 09:18:50', 1, 9, 0, 'enterbiz'),
(384, '-1', '45', '2014-06-16 09:30:48', 0, 0, 10, 'wood'),
(385, '-1', '44', '2014-06-16 09:34:17', 10, 0, 19, 'wood'),
(386, '-1', '45', '2014-06-16 09:34:23', 20, 0, 30, 'wood'),
(387, '-1', '45', '2014-06-16 09:34:27', 0, 0, 30, 'wood'),
(388, '-1', '46', '2014-06-17 19:52:58', 100, 0, 110, 'atmget'),
(389, '46', '-1', '2014-06-17 19:53:59', 1, 109, 0, 'enterbiz'),
(390, '-1', '46', '2014-06-17 19:57:31', 5, 0, 114, 'work'),
(391, '46', '-1', '2014-06-17 19:59:34', 1, 113, 0, 'enterbiz'),
(392, '46', '-1', '2014-06-17 19:59:38', 100, 13, 0, 'buyphone'),
(393, '46', '-1', '2014-06-17 19:59:47', 10, 3, 0, 'simcard'),
(394, '48', '-1', '2014-06-18 16:10:03', 1, 9, 0, 'enterbiz'),
(395, '2', '-1', '2014-06-18 16:10:05', 1, 49879, 0, 'enterbiz'),
(396, '49', '-1', '2014-06-18 16:10:11', 1, 9, 0, 'enterbiz'),
(397, '-1', '48', '2014-06-18 16:10:21', 50000, 0, 50009, 'admingive'),
(398, '48', '-1', '2014-06-18 16:10:30', 100, 49909, 0, 'buyphone'),
(399, '48', '-1', '2014-06-18 16:10:44', 10, 49899, 0, 'simcard'),
(400, '-1', '48', '2014-06-18 17:59:40', 0, 0, 49899, 'wood'),
(401, '-1', '49', '2014-06-18 17:59:47', 0, 0, 9, 'wood'),
(402, '-1', '51', '2014-06-19 13:53:24', 20, 0, 30, 'wood'),
(403, '-1', '51', '2014-06-19 14:00:34', 15, 0, 45, 'work'),
(404, '-1', '51', '2014-06-19 14:08:53', 100, 0, 145, 'atmget'),
(405, '51', '-1', '2014-06-19 14:09:22', 1, 144, 0, 'enterbiz'),
(406, '51', '-1', '2014-06-19 14:09:31', 140, 4, 0, 'buypitards'),
(407, '1', '-1', '2014-06-24 13:20:25', 200, 7478743, 0, 'dozer'),
(408, '55', '-1', '2014-06-24 13:20:26', 200, -190, 0, 'dozer'),
(409, '1', '-1', '2014-06-24 13:28:19', 200, 7478543, 0, 'dozer'),
(410, '-1', '55', '2014-06-24 13:34:29', 2067, 0, 1877, 'arrested'),
(411, '-1', '1', '2014-06-24 13:34:30', 2441, 0, 7480984, 'arrested'),
(412, '2', '-1', '2014-06-25 12:32:10', 30, 49849, 0, 'buyfuel'),
(413, '2', '-1', '2014-06-25 12:34:12', 1, 49848, 0, 'enterbiz'),
(414, '2', '-1', '2014-06-27 23:19:03', 1600, 48248, 0, 'buyfood'),
(415, '2', '-1', '2014-06-27 23:19:35', 200, 48048, 0, 'buyfood'),
(416, '2', '-1', '2014-06-27 23:19:47', 1600, 46448, 0, 'buyfood'),
(417, '57', '-1', '2014-06-28 14:13:17', 1, 9, 0, 'enterbiz'),
(418, '57', '-1', '2014-06-28 14:13:23', 1, 8, 0, 'enterbiz'),
(419, '57', '-1', '2014-06-28 14:13:28', 1, 7, 0, 'enterbiz'),
(420, '1', '-1', '2014-06-28 16:37:49', 200, 7480784, 0, 'buyfood'),
(421, '58', '-1', '2014-06-28 21:03:20', 1, 9, 0, 'enterbiz'),
(422, '-1', '52', '2014-06-29 03:48:02', 999999, 0, 1000009, 'admingive'),
(423, '-1', '52', '2014-06-29 03:48:15', 999999, 0, 2000008, 'admingive'),
(424, '-1', '52', '2014-06-29 03:48:17', 999999, 0, 3000007, 'admingive'),
(425, '-1', '52', '2014-06-29 03:48:18', 999999, 0, 4000006, 'admingive'),
(426, '52', '-1', '2014-06-29 03:49:14', 14000, 3986006, 0, 'buyhouse'),
(427, '52', '-1', '2014-06-29 03:49:48', 300, 3985706, 0, 'houseimprove'),
(428, '52', '-1', '2014-06-29 03:50:05', 500, 3985206, 0, 'houseimprove'),
(429, '1', '-1', '2014-06-29 03:50:13', 14000, 7466784, 0, 'buyhouse'),
(430, '1', '-1', '2014-06-29 03:50:37', 300, 7466484, 0, 'houseimprove'),
(431, '1', '-1', '2014-06-29 03:50:42', 500, 7465984, 0, 'houseimprove'),
(432, '1', '-1', '2014-06-29 03:50:46', 1000, 7464984, 0, 'houseimprove'),
(433, '1', '-1', '2014-06-29 03:50:50', 3000, 7461984, 0, 'houseimprove'),
(434, '1', '-1', '2014-06-29 03:50:54', 5000, 7456984, 0, 'houseimprove'),
(435, '1', '-1', '2014-06-29 03:50:58', 10000, 7446984, 0, 'houseimprove'),
(436, '52', '-1', '2014-06-29 03:51:18', 1000, 3984206, 0, 'houseimprove'),
(437, '1', '-1', '2014-06-29 03:52:03', 970000, 6476984, 0, 'buycar'),
(438, '52', '-1', '2014-06-29 03:52:03', 3000, 3981206, 0, 'houseimprove'),
(439, '52', '-1', '2014-06-29 03:52:19', 5000, 3976206, 0, 'houseimprove'),
(440, '52', '-1', '2014-06-29 03:55:15', 10000, 3966206, 0, 'houseimprove'),
(441, '-1', '1', '2014-06-29 03:55:28', 999999, 0, 7476983, 'admingive'),
(442, '-1', '1', '2014-06-29 03:55:30', 999999, 0, 8476982, 'admingive'),
(443, '-1', '1', '2014-06-29 03:55:31', 999999, 0, 9476981, 'admingive'),
(444, '-1', '1', '2014-06-29 03:55:32', 999999, 0, 10476980, 'admingive'),
(445, '-1', '1', '2014-06-29 03:55:32', 999999, 0, 11476979, 'admingive'),
(446, '-1', '1', '2014-06-29 03:55:33', 999999, 0, 12476978, 'admingive'),
(447, '-1', '1', '2014-06-29 03:55:33', 999999, 0, 13476977, 'admingive'),
(448, '-1', '1', '2014-06-29 03:55:34', 999999, 0, 14476976, 'admingive'),
(449, '-1', '1', '2014-06-29 03:55:35', 999999, 0, 15476975, 'admingive'),
(450, '-1', '1', '2014-06-29 03:55:37', 999999, 0, 16476974, 'admingive'),
(451, '-1', '1', '2014-06-29 03:55:38', 999999, 0, 17476973, 'admingive'),
(452, '-1', '1', '2014-06-29 03:55:39', 999999, 0, 18476972, 'admingive'),
(453, '-1', '1', '2014-06-29 03:55:39', 999999, 0, 19476971, 'admingive'),
(454, '-1', '1', '2014-06-29 03:55:40', 999999, 0, 20476970, 'admingive'),
(455, '-1', '1', '2014-06-29 03:55:40', 999999, 0, 21476969, 'admingive'),
(456, '-1', '1', '2014-06-29 03:55:41', 999999, 0, 22476968, 'admingive'),
(457, '-1', '1', '2014-06-29 03:55:45', 999999, 0, 23476967, 'admingive'),
(458, '-1', '1', '2014-06-29 03:55:46', 999999, 0, 24476966, 'admingive'),
(459, '-1', '1', '2014-06-29 03:55:47', 999999, 0, 25476965, 'admingive'),
(460, '-1', '1', '2014-06-29 03:55:48', 999999, 0, 26476964, 'admingive'),
(461, '-1', '1', '2014-06-29 03:55:48', 999999, 0, 27476963, 'admingive'),
(462, '-1', '1', '2014-06-29 03:55:49', 999999, 0, 28476962, 'admingive'),
(463, '-1', '1', '2014-06-29 03:55:49', 999999, 0, 29476961, 'admingive'),
(464, '-1', '1', '2014-06-29 03:55:50', 999999, 0, 30476960, 'admingive'),
(465, '-1', '1', '2014-06-29 03:55:50', 999999, 0, 31476959, 'admingive'),
(466, '-1', '1', '2014-06-29 03:55:51', 999999, 0, 32476958, 'admingive'),
(467, '-1', '1', '2014-06-29 03:55:52', 999999, 0, 33476957, 'admingive'),
(468, '-1', '1', '2014-06-29 03:55:52', 999999, 0, 34476956, 'admingive'),
(469, '-1', '1', '2014-06-29 03:55:53', 999999, 0, 35476955, 'admingive'),
(470, '-1', '1', '2014-06-29 03:55:54', 999999, 0, 36476954, 'admingive'),
(471, '-1', '1', '2014-06-29 03:55:54', 999999, 0, 37476953, 'admingive'),
(472, '-1', '1', '2014-06-29 03:55:55', 999999, 0, 38476952, 'admingive'),
(473, '-1', '1', '2014-06-29 03:55:56', 999999, 0, 39476951, 'admingive'),
(474, '-1', '1', '2014-06-29 03:55:56', 999999, 0, 40476950, 'admingive'),
(475, '-1', '1', '2014-06-29 03:55:57', 999999, 0, 41476949, 'admingive'),
(476, '-1', '1', '2014-06-29 03:55:57', 999999, 0, 42476948, 'admingive'),
(477, '-1', '1', '2014-06-29 03:55:58', 999999, 0, 43476947, 'admingive'),
(478, '-1', '1', '2014-06-29 03:55:59', 999999, 0, 44476946, 'admingive'),
(479, '-1', '1', '2014-06-29 03:56:00', 999999, 0, 45476945, 'admingive'),
(480, '-1', '1', '2014-06-29 03:56:00', 999999, 0, 46476944, 'admingive'),
(481, '-1', '1', '2014-06-29 03:56:01', 999999, 0, 47476943, 'admingive'),
(482, '-1', '1', '2014-06-29 03:56:02', 999999, 0, 48476942, 'admingive'),
(483, '-1', '1', '2014-06-29 03:56:02', 999999, 0, 49476941, 'admingive'),
(484, '-1', '1', '2014-06-29 03:56:03', 999999, 0, 50476940, 'admingive'),
(485, '52', '-1', '2014-06-29 03:56:03', 10, 3966196, 0, 'safeput(169)'),
(486, '-1', '1', '2014-06-29 03:56:04', 999999, 0, 51476939, 'admingive'),
(487, '-1', '1', '2014-06-29 03:56:04', 999999, 0, 52476938, 'admingive'),
(488, '-1', '52', '2014-06-29 03:56:20', 999999, 0, 4966195, 'admingive'),
(489, '-1', '52', '2014-06-29 03:56:21', 999999, 0, 5966194, 'admingive'),
(490, '-1', '52', '2014-06-29 03:56:21', 999999, 0, 6966193, 'admingive'),
(491, '-1', '52', '2014-06-29 03:56:22', 999999, 0, 7966192, 'admingive'),
(492, '-1', '52', '2014-06-29 03:56:23', 999999, 0, 8966191, 'admingive'),
(493, '-1', '52', '2014-06-29 03:56:23', 999999, 0, 9966190, 'admingive'),
(494, '-1', '52', '2014-06-29 03:56:24', 999999, 0, 10966189, 'admingive'),
(495, '-1', '52', '2014-06-29 03:56:25', 999999, 0, 11966188, 'admingive'),
(496, '-1', '52', '2014-06-29 03:56:25', 999999, 0, 12966187, 'admingive'),
(497, '-1', '52', '2014-06-29 03:56:26', 999999, 0, 13966186, 'admingive'),
(498, '-1', '52', '2014-06-29 03:56:27', 999999, 0, 14966185, 'admingive'),
(499, '-1', '52', '2014-06-29 03:56:27', 999999, 0, 15966184, 'admingive'),
(500, '-1', '52', '2014-06-29 03:56:28', 999999, 0, 16966183, 'admingive'),
(501, '-1', '52', '2014-06-29 03:56:29', 999999, 0, 17966182, 'admingive'),
(502, '-1', '52', '2014-06-29 03:56:29', 999999, 0, 18966181, 'admingive'),
(503, '-1', '52', '2014-06-29 03:56:30', 999999, 0, 19966180, 'admingive'),
(504, '-1', '52', '2014-06-29 03:56:31', 999999, 0, 20966179, 'admingive'),
(505, '-1', '52', '2014-06-29 03:56:31', 999999, 0, 21966178, 'admingive'),
(506, '-1', '52', '2014-06-29 03:56:32', 999999, 0, 22966177, 'admingive'),
(507, '-1', '52', '2014-06-29 03:56:33', 999999, 0, 23966176, 'admingive'),
(508, '-1', '52', '2014-06-29 03:56:34', 999999, 0, 24966175, 'admingive'),
(509, '-1', '52', '2014-06-29 03:56:35', 999999, 0, 25966174, 'admingive'),
(510, '-1', '52', '2014-06-29 03:56:35', 999999, 0, 26966173, 'admingive'),
(511, '-1', '52', '2014-06-29 03:56:36', 999999, 0, 27966172, 'admingive'),
(512, '-1', '52', '2014-06-29 03:56:37', 999999, 0, 28966171, 'admingive'),
(513, '-1', '1', '2014-06-29 03:59:48', 121250, 0, 52598188, 'gossellcar'),
(514, '-1', '1', '2014-06-29 03:59:54', 11200, 0, 52609388, 'gossellhouse'),
(515, '-1', '52', '2014-06-29 04:00:14', 11200, 0, 28977371, 'gossellhouse'),
(516, '2', '-1', '2014-06-29 15:05:46', 25000, 21448, 0, 'buyhouse'),
(517, '2', '-1', '2014-06-29 15:06:02', 300, 21148, 0, 'houseimprove'),
(518, '-1', '2', '2014-06-29 15:06:51', 500000, 0, 521148, 'admingive'),
(519, '-1', '2', '2014-06-29 15:07:10', 500000, 0, 1021148, 'admingive'),
(520, '-1', '2', '2014-06-29 15:07:10', 500000, 0, 1521148, 'admingive'),
(521, '-1', '2', '2014-06-29 15:07:11', 500000, 0, 2021148, 'admingive'),
(522, '-1', '2', '2014-06-29 15:07:11', 500000, 0, 2521148, 'admingive'),
(523, '-1', '2', '2014-06-29 15:07:11', 500000, 0, 3021148, 'admingive'),
(524, '2', '-1', '2014-06-29 15:07:17', 950000, 2071148, 0, 'buycar'),
(525, '2', '-1', '2014-06-29 15:17:33', 5000, 2066148, 0, 'tuning'),
(526, '1', '-1', '2014-06-29 17:34:45', 2000, 52607388, 0, 'dozer'),
(527, '2', '-1', '2014-06-29 17:40:16', 1000, 2065148, 0, 'fixcar'),
(528, '-1', '1', '2014-06-29 17:40:42', 22080, 0, 52629468, 'arrested'),
(529, '-1', '52', '2014-06-29 17:40:44', 18120, 0, 28995491, 'arrested'),
(530, '1', '-1', '2014-06-29 17:46:07', 1, 52629467, 0, 'enterbiz'),
(531, '1', '-1', '2014-06-29 17:46:20', 15000, 52614467, 0, 'buybigsalut'),
(532, '1', '-1', '2014-06-29 17:46:59', 1, 52614466, 0, 'enterbiz'),
(533, '1', '-1', '2014-06-29 17:47:06', 15000, 52599466, 0, 'buybigsalut'),
(534, '1', '-1', '2014-06-29 17:48:19', 1, 52599465, 0, 'enterbiz'),
(535, '1', '-1', '2014-06-29 17:48:23', 1400, 52598065, 0, 'buypitards'),
(536, '1', '-1', '2014-06-29 17:48:32', 15000, 52583065, 0, 'buybigsalut'),
(537, '1', '-1', '2014-06-29 17:49:18', 1, 52583064, 0, 'enterbiz'),
(538, '1', '-1', '2014-06-29 17:49:22', 15000, 52568064, 0, 'buybigsalut'),
(539, '1', '-1', '2014-06-29 17:49:55', 1, 52568063, 0, 'enterbiz'),
(540, '1', '-1', '2014-06-29 17:49:59', 15000, 52553063, 0, 'buybigsalut'),
(541, '2', '-1', '2014-06-29 17:50:29', 1, 2065147, 0, 'enterbiz'),
(542, '2', '-1', '2014-06-29 17:50:33', 1400, 2063747, 0, 'buypitards'),
(543, '52', '-1', '2014-06-29 17:50:45', 1, 28995490, 0, 'enterbiz'),
(544, '1', '-1', '2014-06-29 17:50:46', 1, 52553062, 0, 'enterbiz'),
(545, '1', '-1', '2014-06-29 17:50:49', 15000, 52538062, 0, 'buybigsalut'),
(546, '52', '-1', '2014-06-29 17:50:56', 15000, 28980490, 0, 'buybigsalut'),
(547, '2', '-1', '2014-06-29 17:51:31', 1, 2063746, 0, 'enterbiz'),
(548, '2', '-1', '2014-06-29 17:51:37', 1400, 2062346, 0, 'buypitards'),
(549, '1', '-1', '2014-06-29 17:52:00', 1, 52538061, 0, 'enterbiz'),
(550, '1', '-1', '2014-06-29 17:52:04', 15000, 52523061, 0, 'buybigsalut'),
(551, '1', '-1', '2014-06-29 17:55:37', 2000, 52521061, 0, 'buyfood'),
(552, '52', '-1', '2014-06-29 17:55:43', 200, 28980290, 0, 'buyfood'),
(553, '52', '-1', '2014-06-29 22:55:59', 500, 28979790, 0, 'chinit'),
(554, '52', '-1', '2014-06-29 22:56:05', 500, 28979290, 0, 'chinit'),
(555, '52', '-1', '2014-06-29 22:56:09', 500, 28978790, 0, 'chinit'),
(556, '52', '-1', '2014-06-30 13:19:50', 1000000, 27978790, 0, 'fillingbuy'),
(557, '-1', '52', '2014-06-30 13:21:57', 1000000, 0, 28978790, 'fillingsell'),
(558, '52', '-1', '2014-06-30 13:22:46', 200, 28978590, 0, 'buyfood'),
(559, '52', '-1', '2014-06-30 13:23:33', 2000, 28976590, 0, 'buyfood'),
(560, '52', '-1', '2014-06-30 13:25:03', 1000000, 27976590, 0, 'fillingbuy'),
(561, '52', '-1', '2014-06-30 13:25:51', 3000000, 24976590, 0, 'fillingprod'),
(562, '-1', '52', '2014-06-30 13:30:32', 1000000, 0, 25976590, 'fillingsell'),
(563, '52', '-1', '2014-06-30 13:35:59', 10, 25976580, 0, 'atmput'),
(564, '1', '-1', '2014-06-30 19:09:21', 2000, 52519061, 0, 'dozer'),
(565, '52', '-1', '2014-06-30 19:09:24', 2000, 25974580, 0, 'dozer'),
(566, '-1', '1', '2014-06-30 19:18:40', 6850, 0, 52525911, 'arrested'),
(567, '-1', '52', '2014-06-30 19:18:44', 12000, 0, 25986580, 'arrested'),
(568, '52', '-1', '2014-06-30 20:17:11', 2000, 25984580, 0, 'barbuydrink'),
(569, '52', '-1', '2014-06-30 20:26:16', 40000, 25944580, 0, 'barbuydrink'),
(570, '63', '-1', '2014-06-30 20:40:11', 1, 9, 0, 'enterbiz'),
(571, '52', '-1', '2014-06-30 20:40:18', 1, 25944579, 0, 'enterbiz'),
(572, '1', '-1', '2014-06-30 20:40:19', 1, 52525910, 0, 'enterbiz'),
(573, '52', '-1', '2014-06-30 20:40:50', 15000, 25929579, 0, 'buybigsalut'),
(574, '63', '-1', '2014-06-30 20:41:00', 1, 8, 0, 'enterbiz'),
(575, '52', '-1', '2014-06-30 20:41:13', 1, 25929578, 0, 'enterbiz'),
(576, '52', '-1', '2014-06-30 20:41:21', 15000, 25914578, 0, 'buybigsalut'),
(577, '52', '-1', '2014-06-30 20:42:03', 1, 25914577, 0, 'enterbiz'),
(578, '1', '63', '2014-06-30 20:42:06', 5000, 52520910, 5008, 'pay'),
(579, '63', '-1', '2014-06-30 20:42:34', 1, 5007, 0, 'enterbiz'),
(580, '1', '-1', '2014-06-30 20:42:35', 1, 52520909, 0, 'enterbiz'),
(581, '52', '-1', '2014-06-30 20:42:36', 1, 25914576, 0, 'enterbiz'),
(582, '1', '-1', '2014-06-30 20:42:39', 15000, 52505909, 0, 'buybigsalut'),
(583, '52', '-1', '2014-06-30 20:44:49', 150, 25914426, 0, 'buymask'),
(584, '63', '-1', '2014-06-30 20:45:47', 150, 4857, 0, 'buymask'),
(585, '1', '-1', '2014-06-30 20:45:53', 150, 52505759, 0, 'buymask'),
(586, '63', '-1', '2014-06-30 20:46:53', 1, 4856, 0, 'enterbiz'),
(587, '63', '-1', '2014-06-30 21:28:29', 1, 4855, 0, 'enterbiz'),
(588, '63', '-1', '2014-06-30 21:28:52', 3500, 1355, 0, 'buyphone'),
(589, '63', '-1', '2014-06-30 21:29:44', 100, 1255, 0, 'simcard'),
(590, '1', '-1', '2014-06-30 21:31:27', 2000, 52503759, 0, 'buyskin'),
(591, '63', '-1', '2014-06-30 21:41:26', 200, 1055, 0, 'buyfood'),
(592, '-1', '63', '2014-06-30 21:49:12', 0, 0, 1055, 'wood'),
(593, '-1', '63', '2014-06-30 21:50:59', 100, 0, 1155, 'wood'),
(594, '-1', '63', '2014-06-30 21:52:16', 0, 0, 1155, 'wood'),
(595, '2', '-1', '2014-07-01 15:59:33', 1600, 2060746, 0, 'buyfood'),
(596, '2', '-1', '2014-07-01 15:59:45', 2000, 2058746, 0, 'buyfood'),
(597, '63', '-1', '2014-07-01 16:00:07', 400, 755, 0, 'buyfood'),
(598, '63', '-1', '2014-07-01 17:21:17', 1, 754, 0, 'enterbiz');

-- --------------------------------------------------------

--
-- Структура таблицы `mafia`
--

CREATE TABLE IF NOT EXISTS `mafia` (
  `id` int(11) NOT NULL AUTO_INCREMENT,
  `ed` int(11) NOT NULL,
  `materials` int(11) NOT NULL,
  `guns` varchar(30) NOT NULL,
  PRIMARY KEY (`id`)
) ENGINE=MyISAM  DEFAULT CHARSET=utf8 AUTO_INCREMENT=4 ;

--
-- Дамп данных таблицы `mafia`
--

INSERT INTO `mafia` (`id`, `ed`, `materials`, `guns`) VALUES
(1, 50001, 50000, '13|0|0|0|0|19502|10000'),
(2, 50001, 50000, '0|0|0|0|0|0|0'),
(3, 50001, 50000, '0|0|0|0|0|0|0');

-- --------------------------------------------------------

--
-- Структура таблицы `mayor`
--

CREATE TABLE IF NOT EXISTS `mayor` (
  `pick` int(3) NOT NULL DEFAULT '0',
  `name` varchar(256) CHARACTER SET utf8 NOT NULL DEFAULT 'None, None, None, None, None, None, None',
  `time` int(11) NOT NULL DEFAULT '0',
  `times` varchar(128) CHARACTER SET utf8 NOT NULL DEFAULT 'None, None, None, None, None, None, None'
) ENGINE=MyISAM DEFAULT CHARSET=cp1251;

--
-- Дамп данных таблицы `mayor`
--

INSERT INTO `mayor` (`pick`, `name`, `time`, `times`) VALUES
(0, 'None, None, None, None, None, None, None', 1388850333, '0,0,0,0,0,0,0');

-- --------------------------------------------------------

--
-- Структура таблицы `message`
--

CREATE TABLE IF NOT EXISTS `message` (
  `id` int(4) NOT NULL AUTO_INCREMENT,
  `from` varchar(32) NOT NULL,
  `to` varchar(32) NOT NULL,
  `subject` varchar(65) NOT NULL,
  `message` text NOT NULL,
  `date` varchar(10) NOT NULL,
  `active` int(4) NOT NULL,
  `delete` int(4) NOT NULL,
  PRIMARY KEY (`id`)
) ENGINE=MyISAM  DEFAULT CHARSET=utf8 AUTO_INCREMENT=3 ;

--
-- Дамп данных таблицы `message`
--

INSERT INTO `message` (`id`, `from`, `to`, `subject`, `message`, `date`, `active`, `delete`) VALUES
(1, 'Raimbo_Crut', 'Sergey_Cooper', 'хачу к вам', 'примите меня я заню РП', '21.03.2013', 0, 0),
(2, 'Max_Luckas', 'Calvin_Pierce', 'Мод', 'Если честно сервер полное ГАВНО паряжняк сервером стал смените на старый вы че упали', '21.03.2013', 1, 0);

-- --------------------------------------------------------

--
-- Структура таблицы `nark`
--

CREATE TABLE IF NOT EXISTS `nark` (
  `id` int(11) NOT NULL,
  `cena` int(11) NOT NULL,
  `owner` int(11) NOT NULL
) ENGINE=MyISAM DEFAULT CHARSET=cp1251;

--
-- Дамп данных таблицы `nark`
--

INSERT INTO `nark` (`id`, `cena`, `owner`) VALUES
(1, 50, 13),
(2, 13, 14),
(3, 50, 14),
(4, 50, 14),
(5, 13, 13),
(6, 13, 13),
(7, 50, 13),
(8, 50, 13),
(9, 50, 15),
(10, 50, 15),
(11, 50, 15),
(12, 50, 15);

-- --------------------------------------------------------

--
-- Структура таблицы `news`
--

CREATE TABLE IF NOT EXISTS `news` (
  `name` text NOT NULL,
  `text` text NOT NULL,
  `image` text NOT NULL,
  `id` int(11) NOT NULL,
  `data` text NOT NULL,
  `create` text NOT NULL
) ENGINE=InnoDB DEFAULT CHARSET=utf8;

--
-- Дамп данных таблицы `news`
--

INSERT INTO `news` (`name`, `text`, `image`, `id`, `data`, `create`) VALUES
('Информация о проекте.', '<img src=''http://rp-gamelive.ru/images/Cops.png''>\n<center>GameLive RolePlay - это проект многопользовательской игры GTA San Andreas Multiplayer.\nМы постарались объединить лучшие элементы ролевой игры SA-MP с новыми идеями и широкими возможностями, Наш проект откроет перед Вами абсолютно новый мир, который постоянно меняется и становится лучше.\nПоселившись в одном из городов и став полноправным гражданином, Вы сможете выбрать любимую работу,\nа может быть открыть свое небольшое дело и иметь постоянный доход.\nА быть может Вам захочется вступить в одну из организаций и начать карьерный рост, пока не достигните желаемой\nвысоты. Став известным и уважаемым человеком, вступив в ряды правительства, появится возможность подать\nзаявку на участие в президентских выборах. Набрав большинство голосов населения, и став Президентом, \nвы сможете самостоятельно управлять жизнью в стране, издавая законы и управляя всеми гос. организациями.</center>', '', 1, '17.11.13 в 15:41 от Adam_West', ''),
('Группа', '<script type=\\''text/javascript\\'' src=\\''//vk.com/js/api/openapi.js?102\\''></script>\n									<!-- VK Widget -->\n									<div id=\\''vk_groups\\''></div>\n									<script type=\\''text/javascript\\''>\n									VK.Widgets.Group(\\''vk_groups\\'', {mode: 2, wide: 1, width: \\''auto\\'', height: \\''1000\\''}, 43325658);\n									</script>', '', 2, '18.11.13 в 06:14 от Adam_West', '');

-- --------------------------------------------------------

--
-- Структура таблицы `newsd`
--

CREATE TABLE IF NOT EXISTS `newsd` (
  `ID` int(11) NOT NULL AUTO_INCREMENT,
  `Title` varchar(42) NOT NULL,
  `Message` text NOT NULL,
  `Date` varchar(10) NOT NULL,
  `Author` varchar(22) NOT NULL,
  PRIMARY KEY (`ID`)
) ENGINE=MyISAM  DEFAULT CHARSET=utf8 AUTO_INCREMENT=8 ;

--
-- Дамп данных таблицы `newsd`
--

INSERT INTO `newsd` (`ID`, `Title`, `Message`, `Date`, `Author`) VALUES
(6, 'New', '1. При проверке объявления в СМИ сотрудник получает 15$ на руки и 15$ идёт в банк того FM, сотрудник которого проверил объявление. Теперь директора смогут проводить мероприятия за заработанные деньги, а также выдавать премии лучшим сотрудникам. (/nmoney - посмотреть баланс, /ngetmoney - снять деньги команды доступны только лидерам FM).\r\n2. Каждое FM может принимать звонки в эфир, команда /dial "Цена звонка".\r\n3. Открыты все стандартные тюнинги на сервере и каждый игрок может ими воспользоваться.\r\n4. Убран баг с интерьерами особняков, в которых не появлялся шкаф, сейф и холодильник.\r\n5. С сегодняшнего дня инструкторы будут продавать лицензии на оружие и на управление водным транспортом. Цена лицензии на оружие: 30.000$ Цена лицензии на водный транспорт: 10.000$. За каждую проданную лицензию инструктор будет получать премию в виде 10% от стоимости лицензии. В самой автошколе лицензии уже не купить. (/selllic ID игрока ID лицензии - продать лицензию. Доступно только с 3 ранга в организации Инструкторы).\r\n6. Покупка скрепок для взлома автомобилей теперь возможна только с 4 игрового уровня и пользоваться ими можно только 1 раз в 15 минут, также при покупке для вас будет указываться команда для их использования.\r\n7. В возможности доната добавлена функция покупки законопослушности. 10 единиц законопослушности стоят 10 рублей. (/mn - Донат).\r\n\r\nВ ближайшее время мы сосредоточимся над работой со сложными системами, такими как казино и постоянный тюнинг, так что просим вас набраться терпения. Приятной игры!', '27.03.13', 'Support'),
(7, 'Открытие', 'Уважаемые игроки сервера и посетители форума. 14 апреля состоится открытие Impressive RP. На открытии вы уже увидите доделанный мод и много различных интересных систем. Думаю вы с нами. ', '06.04.2013', 'David_Barrera');

-- --------------------------------------------------------

--
-- Структура таблицы `racesinfo`
--

CREATE TABLE IF NOT EXISTS `racesinfo` (
  `RId` int(11) NOT NULL AUTO_INCREMENT,
  `RName` varchar(64) DEFAULT NULL,
  `RStartX` double NOT NULL,
  `RStartY` double NOT NULL,
  `RStartZ` double NOT NULL,
  `RStartAngle` double NOT NULL,
  PRIMARY KEY (`RId`)
) ENGINE=MyISAM  DEFAULT CHARSET=utf8 AUTO_INCREMENT=3 ;

--
-- Дамп данных таблицы `racesinfo`
--

INSERT INTO `racesinfo` (`RId`, `RName`, `RStartX`, `RStartY`, `RStartZ`, `RStartAngle`) VALUES
(1, 'Лос-Сантос', 1379.129394, -879.366516, 38.680946, 0.131713),
(2, 'Sexynyashka', 1525.596801, -1298.257446, 14.936273, 91.507606);

-- --------------------------------------------------------

--
-- Структура таблицы `racespoints`
--

CREATE TABLE IF NOT EXISTS `racespoints` (
  `PId` int(11) NOT NULL AUTO_INCREMENT,
  `RId` int(11) NOT NULL,
  `PX` double NOT NULL,
  `PY` double NOT NULL,
  `PZ` double NOT NULL,
  `PInt` int(11) NOT NULL,
  PRIMARY KEY (`PId`)
) ENGINE=MyISAM  DEFAULT CHARSET=utf8 AUTO_INCREMENT=17 ;

--
-- Дамп данных таблицы `racespoints`
--

INSERT INTO `racespoints` (`PId`, `RId`, `PX`, `PY`, `PZ`, `PInt`) VALUES
(1, 1, 1380.046142, -878.318847, 38.876277, 0),
(2, 1, 1354.112426, -1004.869506, 26.975328, 0),
(3, 1, 1345.76538, -1116.472656, 23.413433, 0),
(4, 1, 1343.368896, -1159.343017, 23.39925, 0),
(5, 2, 1523.9906, -1298.112182, 14.853364, 0),
(6, 2, 1457.477294, -1271.694946, 13.088267, 0),
(7, 2, 1431.264038, -1238.668212, 13.088303, 0),
(8, 2, 1362.377441, -1238.549804, 13.091068, 0),
(9, 2, 1342.700073, -1291.729614, 13.324879, 0),
(10, 2, 1342.467651, -1385.990356, 13.209159, 0),
(11, 2, 1367.007202, -1403.028808, 13.099364, 0),
(12, 2, 1395.759155, -1429.796752, 13.088287, 0),
(13, 2, 1438.514526, -1443.476074, 13.088293, 0),
(14, 2, 1455.836181, -1410.244506, 13.08828, 0),
(15, 2, 1457.042968, -1323.067626, 13.088317, 0),
(16, 2, 1492.307128, -1305.029174, 13.486869, 0);

-- --------------------------------------------------------

--
-- Структура таблицы `rangeban`
--

CREATE TABLE IF NOT EXISTS `rangeban` (
  `id` int(11) NOT NULL AUTO_INCREMENT,
  `ip` varchar(32) NOT NULL,
  `name` varchar(32) NOT NULL,
  PRIMARY KEY (`id`)
) ENGINE=InnoDB  DEFAULT CHARSET=latin1 AUTO_INCREMENT=58 ;

--
-- Дамп данных таблицы `rangeban`
--

INSERT INTO `rangeban` (`id`, `ip`, `name`) VALUES
(6, '92.100.*.*', 'Hulk_Rossetti'),
(7, '88.81.*.*', 'Timmi_Too'),
(8, '46.251.*.*', 'Timmi_Too'),
(9, '89.189.*.*', 'Duffrey_Eisenhower'),
(10, '213.87.*.*', 'David_Green'),
(11, '85.115.*.*', 'Jack_Barrosa'),
(12, '213.87.*.*', 'Carlo_Moretti'),
(13, '178.46.*.*', 'Christopher_Soto'),
(14, '81.25.*.*', 'Michael_Wittmann'),
(15, '46.130.*.*', 'Jack_Barrosa'),
(16, '46.109.*.*', ''),
(17, '85.26.*.*', 'Ricardo_Alonso'),
(18, '91.235.*.*', 'David_Barrera'),
(19, '95.68.*.*', 'Diones_Jepsen_Ninja'),
(20, '178.70.*.*', 'Dexter_Asetto'),
(21, '213.230.*.*', ''),
(22, '213.230.*.*', ''),
(23, '93.78.*.*', 'William_Barrera'),
(24, '93.185.*.*', 'Ilya_Fil'),
(25, '178.68.*.*', 'Kane_Wayne'),
(26, '188.235.*.*', 'Spanch_Bob'),
(27, '46.187.*.*', 'Salvatore_Conti'),
(28, '93.185.*.*', 'Ilya_Fil1'),
(30, '37.151.*.*', 'Riamond_RolePlay'),
(31, '109.108.*.*', 'Masha_Pedorchenko'),
(32, '2.134.*.*', 'Tofik_Swith'),
(33, '178.126.*.*', 'Leon_Santor'),
(34, '37.212.*.*', 'govno_server'),
(35, '31.135.*.*', 'Alco_Lomalko'),
(36, '46.200.*.*', 'Osnovatel_Wkolnikk'),
(37, '95.46.*.*', 'Arch_Mamky_Ebal'),
(38, '87.117.*.*', 'Ebu_Arha'),
(39, '95.29.*.*', 'Server_Xuiny'),
(40, '109.195.*.*', 'Leon_Nelson'),
(41, '212.87.*.*', 'Jimmy_Obey'),
(42, '147.30.*.*', 'Ne_MamaEb'),
(43, '93.127.*.*', 'Vladislav_Morety'),
(44, '95.73.*.*', 'Prince_Jonn'),
(45, '213.87.*.*', 'Mamke_q'),
(46, '31.28.*.*', 'Andrew_Keyn'),
(48, '2.133.*.*', 'Big_Reidar'),
(49, '86.57.*.*', 'Lionel_Materazz'),
(50, '159.224.*.*', 'Clayton_Avirson'),
(51, '93.185.*.*', 'Evgeniy_Balashkin.'),
(52, '94.228.*.*', 'Limon_Killer'),
(53, '213.87.*.*', 'VK.com_arp_ban'),
(54, '89.105.*.*', 'Emma_Wanders'),
(55, '109.168.*.*', 'Arch_Ne_ban'),
(56, '178.206.*.*', 'Emory_Calleri'),
(57, '78.111.*.*', 'Drake_DelaVarquez');

-- --------------------------------------------------------

--
-- Структура таблицы `serverdata`
--

CREATE TABLE IF NOT EXISTS `serverdata` (
  `gnewsmoney` int(11) NOT NULL
) ENGINE=InnoDB DEFAULT CHARSET=cp1251 COLLATE=cp1251_bin;

--
-- Дамп данных таблицы `serverdata`
--

INSERT INTO `serverdata` (`gnewsmoney`) VALUES
(1519);

-- --------------------------------------------------------

--
-- Структура таблицы `transport`
--

CREATE TABLE IF NOT EXISTS `transport` (
  `id` int(3) NOT NULL AUTO_INCREMENT,
  `model` int(3) NOT NULL,
  `name` varchar(35) COLLATE cp1251_bin NOT NULL,
  `price` int(8) NOT NULL,
  `tank` int(3) NOT NULL,
  `consumption` int(2) NOT NULL,
  `class` int(1) NOT NULL,
  `fuelable` tinyint(1) NOT NULL DEFAULT '1',
  `sellable` tinyint(1) NOT NULL DEFAULT '1',
  `fuelmark` int(1) NOT NULL,
  PRIMARY KEY (`id`)
) ENGINE=InnoDB  DEFAULT CHARSET=cp1251 COLLATE=cp1251_bin ROW_FORMAT=DYNAMIC AUTO_INCREMENT=213 ;

--
-- Дамп данных таблицы `transport`
--

INSERT INTO `transport` (`id`, `model`, `name`, `price`, `tank`, `consumption`, `class`, `fuelable`, `sellable`, `fuelmark`) VALUES
(1, 400, 'Landstalker', 150000, 80, 12, 1, 1, 1, 1),
(2, 401, 'Bravura', 30000, 40, 6, 0, 1, 1, 2),
(3, 402, 'Buffalo', 900000, 50, 15, 2, 1, 1, 3),
(4, 403, 'Linerunner', 0, 140, 12, 9, 1, 0, 1),
(5, 404, 'Perenniel', 19000, 40, 6, 0, 1, 1, 2),
(6, 405, 'Sentinel', 160000, 50, 10, 1, 1, 1, 3),
(7, 406, 'Dumper', 0, 200, 12, 9, 1, 0, 1),
(8, 407, 'Firetruck', 0, 100, 11, 9, 1, 0, 1),
(9, 408, 'Trashmaster', 0, 80, 10, 9, 1, 0, 1),
(10, 409, 'Stretch', 0, 60, 10, 9, 1, 0, 3),
(11, 410, 'Manana', 25000, 50, 8, 0, 1, 1, 2),
(12, 411, 'Infernus', 5000000, 80, 18, 2, 1, 1, 5),
(13, 412, 'Voodoo', 100000, 60, 10, 0, 1, 1, 3),
(14, 413, 'Pony', 115000, 110, 12, 0, 1, 1, 1),
(15, 414, 'Mule', 0, 110, 12, 9, 1, 0, 1),
(16, 415, 'Cheetah', 1600000, 70, 16, 2, 1, 1, 5),
(17, 416, 'Ambulance', 0, 80, 10, 9, 1, 0, 1),
(18, 417, 'Leviathan', 0, 0, 0, 9, 0, 0, 0),
(19, 418, 'Moonbeam', 120000, 70, 10, 9, 1, 0, 1),
(20, 419, 'Esperanto', 90000, 50, 12, 0, 1, 1, 2),
(21, 420, 'Taxi', 0, 60, 10, 9, 1, 0, 3),
(22, 421, 'Washington', 190000, 70, 11, 1, 1, 1, 3),
(23, 422, 'Bobcat', 36000, 80, 9, 0, 1, 1, 2),
(24, 423, 'Mr Whoopee', 0, 35, 5, 9, 1, 0, 1),
(25, 424, 'BF Injection', 1300000, 40, 12, 9, 1, 0, 4),
(26, 425, 'Hunter', 0, 0, 0, 9, 0, 0, 0),
(27, 426, 'Premier', 150000, 60, 11, 1, 1, 1, 3),
(28, 427, 'Enforcer', 0, 120, 12, 9, 1, 0, 1),
(29, 428, 'Securicar', 0, 100, 11, 9, 1, 0, 1),
(30, 429, 'Banshee Banger', 900000, 50, 15, 2, 1, 1, 5),
(31, 430, 'Predator', 0, 0, 0, 9, 0, 0, 0),
(32, 431, 'Bus', 0, 100, 10, 9, 1, 0, 1),
(33, 432, 'Rhino', 0, 200, 25, 9, 1, 0, 1),
(34, 433, 'Barracks', 0, 150, 18, 9, 1, 0, 1),
(35, 434, 'Hotknife', 1300000, 30, 14, 2, 1, 1, 4),
(36, 435, 'Article Trailer', 0, 0, 0, 9, 0, 0, 0),
(37, 436, 'Previon', 70000, 35, 11, 9, 1, 0, 2),
(38, 437, 'Coach', 0, 100, 10, 9, 1, 0, 1),
(39, 438, 'Cabbie', 0, 40, 9, 9, 1, 0, 2),
(40, 439, 'Stallion', 25000, 45, 10, 0, 1, 1, 2),
(41, 440, 'Rumpo', 0, 100, 9, 9, 1, 0, 1),
(42, 441, 'RC Bandit', 0, 0, 0, 9, 0, 0, 0),
(43, 442, 'Romero', 0, 60, 12, 9, 1, 0, 3),
(44, 443, 'Packer', 0, 140, 13, 9, 1, 0, 1),
(45, 444, 'Monster', 0, 100, 20, 9, 1, 0, 1),
(46, 445, 'Admiral', 100000, 60, 11, 1, 1, 1, 3),
(47, 446, 'Squallo', 0, 0, 0, 9, 0, 0, 0),
(48, 447, 'Seasparrow', 0, 0, 0, 9, 0, 0, 0),
(49, 448, 'Pizzaboy', 0, 0, 0, 9, 0, 0, 0),
(50, 453, 'Reefer', 0, 0, 0, 9, 0, 0, 0),
(51, 449, 'Tram', 0, 0, 0, 9, 0, 0, 0),
(52, 450, 'Article Trailer 2', 0, 0, 0, 9, 0, 0, 0),
(53, 451, 'Turismo', 2000000, 80, 18, 2, 1, 1, 5),
(54, 452, 'Speeder', 0, 0, 0, 9, 0, 0, 0),
(55, 454, 'Tropic', 0, 0, 0, 9, 0, 0, 0),
(56, 455, 'Flatbed', 0, 110, 11, 9, 1, 0, 1),
(57, 456, 'Yankee', 0, 110, 10, 9, 1, 0, 1),
(58, 457, 'Caddy', 30000, 20, 3, 0, 1, 1, 2),
(59, 458, 'Solair', 400000, 50, 12, 9, 1, 0, 2),
(60, 459, 'Topfun', 0, 70, 10, 9, 1, 0, 1),
(61, 460, 'Skimmer', 0, 0, 0, 9, 0, 0, 0),
(62, 461, 'PCJ-600', 120000, 25, 14, 3, 1, 1, 3),
(63, 462, 'Faggio', 10000, 15, 12, 3, 1, 1, 1),
(64, 463, 'Freeway', 100000, 25, 10, 3, 1, 1, 4),
(65, 464, 'RC Baron', 0, 0, 0, 9, 0, 0, 0),
(66, 465, 'RC Raider', 0, 0, 0, 9, 0, 0, 0),
(67, 466, 'Glendale', 34000, 60, 11, 0, 1, 1, 2),
(68, 467, 'Oceanic', 28000, 60, 11, 0, 1, 1, 2),
(69, 468, 'Sanchez', 80000, 15, 7, 3, 1, 1, 3),
(70, 469, 'Sparrow', 0, 0, 0, 9, 0, 0, 0),
(71, 470, 'Patriot', 0, 80, 10, 9, 1, 0, 1),
(72, 471, 'Quad', 50000, 30, 10, 3, 1, 1, 3),
(73, 472, 'Coastguard', 0, 0, 0, 9, 0, 0, 0),
(74, 473, 'Dinghy', 0, 0, 0, 9, 0, 0, 0),
(75, 474, 'Hermes', 39000, 50, 10, 0, 1, 1, 2),
(76, 475, 'Sabre', 40000, 50, 13, 1, 1, 1, 3),
(77, 476, 'Rustler', 0, 0, 0, 9, 0, 0, 0),
(78, 477, 'ZR-350', 810000, 50, 14, 2, 1, 1, 4),
(79, 478, 'Walton', 80000, 35, 9, 9, 1, 0, 1),
(80, 479, 'Regina', 28000, 70, 10, 0, 1, 1, 2),
(81, 480, 'Comet', 555000, 40, 14, 2, 1, 1, 4),
(82, 481, 'BMX', 2000, 0, 0, 3, 0, 1, 0),
(83, 482, 'Burrito', 35000, 70, 11, 9, 1, 0, 1),
(84, 483, 'Camper', 140000, 50, 10, 9, 1, 0, 1),
(85, 484, 'Marquis', 0, 0, 0, 9, 0, 0, 0),
(86, 485, 'Baggage', 0, 0, 0, 9, 0, 0, 0),
(87, 486, 'Dozer', 0, 50, 19, 9, 1, 0, 1),
(88, 487, 'Maverick', 0, 0, 0, 9, 0, 0, 0),
(89, 488, 'San News Maverick', 0, 0, 0, 9, 0, 0, 0),
(90, 489, 'Rancher', 250000, 80, 12, 9, 1, 0, 1),
(91, 490, 'FBI Rancher', 0, 80, 12, 9, 1, 0, 1),
(92, 491, 'Virgo', 38000, 45, 9, 0, 1, 1, 3),
(93, 492, 'Greenwood', 30000, 50, 10, 0, 1, 1, 3),
(94, 493, 'Jetmax', 0, 0, 0, 9, 0, 0, 0),
(95, 494, 'Hotring Racer', 1300000, 50, 17, 9, 1, 0, 5),
(96, 495, 'Sandking', 0, 100, 10, 9, 1, 0, 4),
(97, 496, 'Blista Compact', 120000, 40, 11, 1, 1, 1, 3),
(98, 497, 'Police Maverick', 0, 0, 0, 9, 0, 0, 0),
(99, 498, 'Boxville', 0, 80, 9, 9, 1, 0, 1),
(100, 499, 'Benson', 0, 80, 9, 9, 1, 0, 1),
(101, 500, 'Mesa', 120000, 40, 10, 1, 1, 1, 3),
(102, 501, 'RC Goblin', 0, 0, 0, 9, 0, 0, 0),
(103, 502, 'Hotring Racer', 1600000, 50, 18, 9, 1, 0, 5),
(104, 503, 'Hotring Racer', 1500000, 50, 17, 9, 1, 0, 5),
(105, 504, 'Bloodring Banger', 0, 50, 12, 9, 1, 0, 4),
(106, 505, 'Rancher', 180000, 80, 12, 1, 1, 1, 1),
(107, 506, 'Super GT', 700000, 50, 16, 2, 1, 1, 5),
(108, 507, 'Elegant', 140000, 60, 10, 1, 1, 1, 3),
(109, 508, 'Camper', 350000, 45, 12, 9, 1, 0, 1),
(110, 509, 'Bike', 2100, 0, 0, 3, 0, 1, 0),
(111, 510, 'Mountain Bike', 5000, 0, 0, 3, 0, 1, 0),
(112, 511, 'Beagle', 0, 0, 0, 9, 0, 0, 0),
(113, 512, 'Cropduster', 0, 0, 0, 9, 0, 0, 0),
(114, 513, 'Stuntplane', 0, 0, 0, 9, 0, 0, 0),
(115, 514, 'Petrol Tanker', 0, 120, 12, 9, 1, 0, 1),
(116, 515, 'Roadtrain', 0, 140, 14, 9, 1, 0, 1),
(117, 516, 'Nebula', 90000, 50, 9, 9, 1, 0, 3),
(118, 517, 'Majestic', 38000, 50, 10, 0, 1, 1, 2),
(119, 518, 'Buccaneer', 40000, 50, 10, 0, 1, 1, 2),
(120, 519, 'Shamal', 0, 0, 0, 9, 0, 0, 0),
(121, 520, 'Hydra', 0, 0, 0, 9, 0, 0, 0),
(122, 521, 'FCR-900', 160000, 30, 14, 3, 1, 1, 4),
(123, 522, 'NRG-500', 2500000, 45, 18, 3, 1, 1, 5),
(124, 523, 'Cop Bike HPV1000', 0, 25, 9, 9, 1, 0, 3),
(125, 524, 'Cement Truck', 0, 80, 10, 9, 1, 0, 1),
(126, 525, 'Towtruck', 0, 50, 9, 9, 1, 0, 1),
(127, 526, 'Fortune', 150000, 50, 10, 1, 1, 1, 3),
(128, 527, 'Cadrona', 100000, 40, 8, 1, 1, 1, 3),
(129, 528, 'FBI Truck', 0, 60, 12, 9, 1, 0, 1),
(130, 529, 'Willard', 100000, 60, 10, 9, 1, 0, 2),
(131, 530, 'Forklift', 0, 15, 3, 9, 1, 0, 2),
(132, 531, 'Tractor', 0, 20, 4, 9, 1, 0, 1),
(133, 532, 'Combine Harvester', 0, 30, 7, 9, 1, 0, 1),
(134, 533, 'Feltzer', 150000, 40, 11, 1, 1, 1, 2),
(135, 534, 'Remington', 200000, 60, 12, 1, 1, 1, 4),
(136, 535, 'Slamvan', 18000, 60, 14, 1, 1, 1, 3),
(137, 536, 'Blade', 580000, 60, 12, 9, 1, 0, 3),
(138, 537, 'Freight (Train)', 0, 0, 0, 9, 0, 0, 0),
(139, 538, 'Brownstreak (Train)', 0, 0, 0, 9, 0, 0, 0),
(140, 539, 'Vortex', 0, 10, 2, 9, 1, 0, 3),
(141, 540, 'Vincent', 120000, 50, 10, 9, 1, 0, 3),
(142, 541, 'Bullet', 1100000, 50, 18, 2, 1, 1, 5),
(143, 542, 'Clover', 15000, 50, 6, 0, 1, 1, 2),
(144, 543, 'Sadler', 15000, 50, 9, 0, 1, 1, 2),
(145, 544, 'Firetruck', 0, 90, 12, 9, 1, 0, 1),
(146, 545, 'Hustler', 20000, 35, 14, 0, 1, 1, 2),
(147, 546, 'Intruder', 90000, 50, 8, 9, 1, 0, 3),
(148, 547, 'Primo', 90000, 50, 8, 9, 1, 0, 3),
(149, 548, 'Cargobob', 0, 0, 0, 9, 0, 0, 0),
(150, 549, 'Tampa', 33000, 50, 11, 0, 1, 1, 2),
(151, 550, 'Sunrise', 300000, 50, 10, 9, 1, 0, 3),
(152, 551, 'Merit', 130000, 50, 10, 1, 1, 1, 3),
(153, 552, 'Utility Van', 0, 50, 9, 9, 1, 0, 1),
(154, 553, 'Nevada', 0, 0, 0, 9, 0, 0, 0),
(155, 554, 'Yosemite', 165000, 50, 10, 1, 1, 1, 1),
(156, 555, 'Windsor', 120000, 35, 15, 1, 1, 1, 4),
(157, 556, 'Monster "A"', 0, 100, 15, 9, 1, 0, 1),
(158, 557, 'Monster "B"', 0, 100, 15, 9, 1, 0, 1),
(159, 558, 'Uranus', 160000, 50, 11, 1, 1, 1, 4),
(160, 559, 'Jester', 540000, 50, 12, 2, 1, 1, 4),
(161, 560, 'Sultan', 570000, 50, 12, 2, 1, 1, 4),
(162, 561, 'Stratum', 120000, 50, 10, 1, 1, 1, 3),
(163, 562, 'Elegy', 400000, 50, 13, 2, 1, 1, 4),
(164, 563, 'Raindance', 0, 0, 0, 9, 0, 0, 0),
(165, 564, 'RC Tiger', 0, 0, 0, 9, 0, 0, 0),
(166, 565, 'Flash', 800000, 50, 13, 9, 1, 0, 4),
(167, 566, 'Tahoma', 150000, 50, 9, 1, 1, 1, 3),
(168, 567, 'Savanna', 150000, 50, 10, 1, 1, 1, 3),
(169, 568, 'Bandito', 0, 15, 10, 9, 1, 0, 4),
(170, 569, 'Flat Trailer (Train)', 0, 0, 0, 9, 0, 0, 0),
(171, 570, 'Streak Trailer (Train)', 0, 0, 0, 9, 0, 0, 0),
(172, 571, 'Kart', 0, 10, 2, 9, 1, 0, 4),
(173, 572, 'Mower', 0, 10, 2, 9, 1, 0, 1),
(174, 573, 'Dune', 0, 35, 8, 9, 1, 0, 1),
(175, 574, 'Sweeper', 0, 10, 2, 9, 1, 0, 2),
(176, 575, 'Broadway', 35000, 50, 11, 0, 1, 1, 2),
(177, 576, 'Tornado', 33000, 50, 10, 0, 1, 1, 2),
(178, 577, 'AT400', 0, 0, 0, 9, 0, 0, 0),
(179, 578, 'DFT-30', 0, 70, 12, 9, 1, 0, 1),
(180, 579, 'Huntley', 205000, 70, 12, 1, 1, 1, 1),
(181, 580, 'Stafford', 250000, 50, 11, 1, 1, 1, 4),
(182, 581, 'BF-400', 900000, 25, 12, 9, 1, 0, 3),
(183, 582, 'Newsvan', 0, 80, 9, 9, 1, 0, 1),
(184, 583, 'Tug', 0, 10, 3, 9, 1, 0, 2),
(185, 584, 'Petrol Trailer', 0, 0, 0, 9, 0, 0, 0),
(186, 585, 'Emperor', 30000, 50, 10, 0, 1, 1, 2),
(187, 586, 'Wayfarer', 30000, 25, 12, 3, 1, 1, 3),
(188, 587, 'Euros', 450000, 70, 10, 2, 1, 1, 4),
(189, 588, 'Hotdog', 0, 30, 7, 9, 1, 0, 1),
(190, 589, 'Club', 200000, 50, 14, 1, 1, 1, 3),
(191, 590, 'Box Trailer (Train)', 0, 0, 0, 9, 0, 0, 0),
(192, 591, 'Article Trailer 3', 0, 0, 0, 9, 0, 0, 0),
(193, 592, 'Andromada', 0, 0, 0, 9, 0, 0, 0),
(194, 593, 'Dodo', 0, 0, 0, 9, 0, 0, 0),
(195, 594, 'RC Cam', 0, 0, 0, 9, 0, 0, 0),
(196, 595, 'Launch', 0, 0, 0, 9, 0, 0, 0),
(197, 596, 'Police Car (LSPD)', 0, 50, 10, 9, 1, 0, 3),
(198, 597, 'Police Car (SFPD)', 0, 50, 10, 9, 1, 0, 3),
(199, 598, 'Police Car (LVPD)', 0, 50, 8, 9, 1, 0, 3),
(200, 599, 'Ranger', 0, 80, 10, 9, 1, 0, 1),
(201, 600, 'Picador', 25000, 40, 9, 0, 1, 1, 2),
(202, 601, 'S.W.A.T.', 0, 30, 8, 9, 1, 0, 1),
(203, 602, 'Alpha', 395000, 50, 12, 2, 1, 1, 4),
(204, 603, 'Phoenix', 300000, 50, 14, 1, 1, 1, 4),
(205, 604, 'Glendale Shit', 0, 50, 10, 9, 1, 0, 2),
(206, 605, 'Sadler Shit', 0, 50, 10, 9, 1, 0, 2),
(207, 606, 'Baggage Trailer "A"', 0, 0, 0, 9, 0, 0, 0),
(208, 607, 'Baggage Trailer "B"', 0, 0, 0, 9, 0, 0, 0),
(209, 608, 'Tug Stairs Trailer', 0, 0, 0, 9, 0, 0, 0),
(210, 609, 'Boxburg', 0, 50, 10, 9, 1, 0, 1),
(211, 610, 'Farm Trailer', 0, 0, 0, 9, 0, 0, 0),
(212, 611, 'Utility Trailer', 0, 0, 0, 9, 0, 0, 0);

-- --------------------------------------------------------

--
-- Структура таблицы `ucp_news`
--

CREATE TABLE IF NOT EXISTS `ucp_news` (
  `id` int(10) NOT NULL AUTO_INCREMENT,
  `title` varchar(64) NOT NULL,
  `text` longtext NOT NULL,
  `author` varchar(32) NOT NULL,
  `date` varchar(16) NOT NULL,
  PRIMARY KEY (`id`)
) ENGINE=MyISAM  DEFAULT CHARSET=utf8 AUTO_INCREMENT=45 ;

--
-- Дамп данных таблицы `ucp_news`
--

INSERT INTO `ucp_news` (`id`, `title`, `text`, `author`, `date`) VALUES
(3, 'Diamond Role Play', 'Diamond RolePlay - это проект многопользовательской игры GTA San Andreas Multiplayer.<br>\r\nМы постарались объединить лучшие элементы ролевой игры SA-MP с новыми идеями и широкими возможностями, которых вам ещё не приходилось видеть!<br><br>\r\nНаш проект откроет перед Вами абсолютно новый мир, который постоянно меняется и становится лучше.\r\nПоселившись в одном из городов и став полноправным гражданином, Вы сможете выбрать любимую работу,\r\nа может быть открыть свое небольшое дело и иметь постоянный доход.\r\nА быть может Вам захочется вступить в одну из организаций и начать карьерный рост, пока не достигните желаемой высоты. \r\nСтав известным и уважаемым человеком, вступив в ряды правительства, появится возможность подать заявку на участие в президентских выборах. \r\nНабрав большинство голосов населения, и став Президентом, вы сможете самостоятельно управлять жизнью в стране, издавая законы и управляя всеми гос. организациями.', 'Michael_Miller', '16.06.2013'),
(43, 'Система жилья <b>Diamond Role Play</b>.', 'Уважаемые игроки, многие из Вас задаются вопросом, а хватит ли всем дешёвого жилья, да и вообще что за система жилья будет на сервере?<br>\r\nНа сервере создано более 700 домов различных классов! Дома имеют умеренную квартплату, в зависимости от стоимости жилья, к примеру, дом стоит 100.000$,<br> для того чтобы узнать стоимость квартплаты необходимо умножить стоимость дома на коэффициент, равный 0.005, из этого выйдет квартплата дома равная 500$, но это ещё не всё, существует улучшение для дома, которое понизит её в 2 раза, так называемая субсидия!<br>\r\nРасскажу про классы домов, и про то как вы сможете подселить к себе квартирантов.<br>\r\nПри покупке дома класса "Эконом", Вы не сможете подселить к себе жителей, так как площадь дома мала и прописать к себе кого-либо не получится.<br>\r\nПри покупке домов класса "Средний", "Элитный" и "Особняк" Вы сможете подселить по 1, 2 и 3 жителя соответственно, в зависимости от класса дома.<br>\r\nХозяин дома сможет доверить ключи от своего домашнего транспорта своим жителям, и так же сможет их забрать (ключи остаются и после релога). Также он может доверить код от своего сейфа и жители дома смогут полностью воспользоваться им.<br>\r\nСтоимость домов начинается от 35.000$, то есть любой игрок сможет позволить себе это, не пользуясь донат услугами!<br>\r\nВ случае, если Вы останетесь без крыши над головой, у Вас есть возможность снять номер в отеле и купить себе транспорт, который будет стоять на парковке отеля, так что без жилья никто не останется!', 'Tony_Barrera', '28.06.2013'),
(42, 'Новости проекта', 'Уважаемые игроки, мы нацелены на создание хорошего проекта, поэтому Вам стоит набраться терпения и ждать открытия! В последнее время сильно постарались наши мапперы и сейчас Вы сможете увидеть и оценить их работу!\r\n<br><br>\r\nПодробную информацию можно <a href="http://diamondrp.ru/forum/index.php?/topic/1159-новости-с-проекта/">прочитать на форуме</a>.', 'Tony_Barrera', '23.06.2013'),
(44, 'Возможность арендовать транспорт.', 'Уважаемые игроки, на сервере Diamond Role Play создана уникальная система, благодаря которой, Вы сможете взять на прокат любой вид транспорта начиная от велосипеда и заканчивая вертолётом! 3 автосалона разных классов предоставят Вам широкий выбор автомобилей для разных целей, а доступные цены за аренду только порадуют Вас. \r\nНа пляже "Санта Мария" Вы сможете арендовать катер или яхту для морских прогулок, а в аэропорту г. Лос-Сантос, у Вас появится возможность арендовать вертолёт. \r\nПомните, что управлять определённым видом транспорта возможно только при наличии специальной лицензии, так что не забудьте получить её в автошколе в г.Сан-Фиерро.', 'Tony_Barrera', '29.06.2013');

-- --------------------------------------------------------

--
-- Структура таблицы `unitpay_payments`
--

CREATE TABLE IF NOT EXISTS `unitpay_payments` (
  `id` int(10) NOT NULL AUTO_INCREMENT,
  `unitpayId` varchar(255) NOT NULL,
  `account` varchar(255) NOT NULL,
  `sum` float NOT NULL,
  `itemsCount` int(11) NOT NULL DEFAULT '1',
  `dateCreate` datetime NOT NULL,
  `dateComplete` datetime DEFAULT NULL,
  `status` tinyint(4) NOT NULL DEFAULT '0',
  PRIMARY KEY (`id`)
) ENGINE=InnoDB  DEFAULT CHARSET=utf8 AUTO_INCREMENT=6 ;

--
-- Дамп данных таблицы `unitpay_payments`
--

INSERT INTO `unitpay_payments` (`id`, `unitpayId`, `account`, `sum`, `itemsCount`, `dateCreate`, `dateComplete`, `status`) VALUES
(1, '856846', 'Adam_West', 1, 1, '2014-01-03 12:09:40', NULL, 0),
(2, '858036', 'Adam_West', 1, 1, '2014-01-03 14:58:54', NULL, 0),
(3, '858086', 'Adam_West', 1, 1, '2014-01-03 15:05:20', NULL, 0),
(4, '859971', 'Adam_West', 1, 1, '2014-01-03 18:22:00', NULL, 0),
(5, '1', 'test', 10, 10, '2014-01-03 18:23:46', NULL, 0);

-- --------------------------------------------------------

--
-- Структура таблицы `vehicles`
--

CREATE TABLE IF NOT EXISTS `vehicles` (
  `id` int(11) NOT NULL AUTO_INCREMENT,
  `aModel1` int(11) NOT NULL,
  `aAutoX` float NOT NULL,
  `aAutoY` float NOT NULL,
  `aAutoZ` float NOT NULL,
  `aAutoAngle` float NOT NULL,
  `aColor1` int(11) NOT NULL,
  `aColor2` int(11) NOT NULL,
  `aOwner` varchar(32) CHARACTER SET utf8 NOT NULL,
  `aPrice` int(11) NOT NULL,
  `aKey` int(11) NOT NULL,
  `a0` int(11) NOT NULL,
  `a1` int(11) NOT NULL,
  `a2` int(11) NOT NULL,
  `a3` int(11) NOT NULL,
  `a4` int(11) NOT NULL,
  `a5` int(11) NOT NULL,
  `a6` int(11) NOT NULL,
  `a7` int(11) NOT NULL,
  `a8` int(11) NOT NULL,
  `a9` int(11) NOT NULL,
  `a10` int(11) NOT NULL,
  `a11` int(11) NOT NULL,
  `a12` int(11) NOT NULL,
  `a13` int(11) NOT NULL,
  `aPaintJob` int(11) NOT NULL,
  `aMysqlID` int(11) NOT NULL,
  PRIMARY KEY (`id`)
) ENGINE=MyISAM  DEFAULT CHARSET=cp1251 AUTO_INCREMENT=32 ;

--
-- Дамп данных таблицы `vehicles`
--

INSERT INTO `vehicles` (`id`, `aModel1`, `aAutoX`, `aAutoY`, `aAutoZ`, `aAutoAngle`, `aColor1`, `aColor2`, `aOwner`, `aPrice`, `aKey`, `a0`, `a1`, `a2`, `a3`, `a4`, `a5`, `a6`, `a7`, `a8`, `a9`, `a10`, `a11`, `a12`, `a13`, `aPaintJob`, `aMysqlID`) VALUES
(1, 510, 542.375, -1290.23, 17.0763, 0, 1, 41, 'Miroslav_Semenkov', 0, 0, 0, 0, 0, 0, 0, 0, 0, 0, 0, 0, 0, 0, 0, 0, 0, 3),
(2, 451, 2224.25, -1979.35, 13.1577, 272.207, 1, 36, 'Ryan_Marrero', 0, 0, 0, 0, 0, 0, 0, 1010, 0, 1076, 0, 1087, 0, 0, 0, 0, 0, 5),
(9, 542, 542.375, -1290.23, 17.0763, 0, 1, 1, 'Steven_McGrady', 0, 0, 0, 0, 0, 0, 0, 0, 0, 0, 0, 0, 0, 0, 0, 0, 0, 339),
(30, 545, 2013.62, -1052.17, 24.6255, 205.366, 1, 1, 'Miguel_Garcia', 0, 0, 0, 0, 0, 0, 0, 0, 0, 0, 0, 0, 0, 0, 0, 0, 0, 266),
(5, 481, 542.375, -1290.23, 17.0763, 0, 1, 1, 'John_Carmack', 0, 0, 0, 0, 0, 0, 0, 0, 0, 0, 0, 0, 0, 0, 0, 0, 0, 51),
(6, 481, 542.375, -1290.23, 17.0763, 0, 1, 1, 'Padre_Benito', 0, 0, 0, 0, 0, 0, 0, 0, 0, 0, 0, 0, 0, 0, 0, 0, 0, 34),
(11, 545, 2095.78, -1285.57, 24.6563, 358.867, 1, 1, 'Henry_William', 0, 0, 0, 0, 0, 0, 0, 0, 0, 0, 0, 0, 0, 0, 0, 0, 0, 117),
(29, 536, 542.375, -1290.23, 17.0763, 0, 1, 1, 'Kirill_Grand', 0, 0, 0, 0, 0, 0, 0, 0, 0, 0, 0, 0, 0, 0, 0, 0, 255, 297),
(26, 555, 2644.63, -2017.01, 13.4381, 0.219771, 126, 1, 'Lesha_Patton', 0, 0, 0, 0, 0, 0, 0, 1010, 0, 1025, 1086, 1087, 0, 0, 0, 0, 0, 8),
(23, 429, 2170.85, -1790.07, 13.2489, 93.3918, 1, 1, 'Dim_McKeenly', 0, 0, 1146, 0, 1035, 1041, 0, 1010, 1037, 1079, 0, 1087, 1171, 1148, 0, 0, 0, 349),
(15, 566, 2137.09, -1273.62, 25.2747, 1.52395, 1, 1, 'Jon_Tryman', 0, 0, 0, 0, 0, 0, 0, 0, 0, 0, 0, 0, 0, 0, 0, 0, 0, 7),
(16, 439, 2389.98, -1716.84, 13.5008, 180, 1, 1, 'Calvin_Stone', 0, 0, 0, 0, 0, 0, 0, 0, 0, 0, 0, 0, 0, 0, 0, 0, 0, 10),
(17, 475, 2102.31, -1283.61, 24.7332, 359.248, 1, 1, 'Alexandr_Volkov', 0, 0, 0, 0, 0, 0, 0, 0, 0, 0, 0, 0, 0, 0, 0, 0, 0, 876),
(22, 541, 2224.25, -1979.35, 13.1577, 272.207, 1, 36, 'Ryan_Marrero', 0, 0, 0, 0, 0, 0, 0, 1010, 0, 1076, 0, 1087, 0, 0, 0, 0, 0, 5),
(19, 510, 542.375, -1290.23, 17.0763, 0, 1, 1, 'Smart_Eazzy', 0, 0, 0, 0, 0, 0, 0, 0, 0, 0, 0, 0, 0, 0, 0, 0, 0, 953),
(25, 560, 2516.73, -1666.62, 13.662, 92.0593, 1, 1, 'Brodka_Nelson', 0, 0, 0, 0, 0, 0, 0, 0, 0, 0, 0, 0, 0, 0, 0, 0, 0, 366),
(27, 562, 2013.62, -1052.17, 24.6255, 205.366, 1, 1, 'Lyon_Vangola', 0, 0, 1138, 0, 1032, 1026, 1024, 1010, 1029, 1080, 0, 1087, 1169, 1141, 0, 0, 0, 14),
(31, 543, 542.375, -1290.23, 17.0763, 0, 1, 1, 'Sheldon_Huntemann', 0, 0, 0, 0, 0, 0, 0, 0, 0, 0, 0, 0, 0, 0, 0, 0, 0, 44);

-- --------------------------------------------------------

--
-- Структура таблицы `viska`
--

CREATE TABLE IF NOT EXISTS `viska` (
  `id` int(11) NOT NULL AUTO_INCREMENT,
  `owner` varchar(32) CHARACTER SET utf8 NOT NULL,
  `fuel` int(11) NOT NULL,
  `money` int(32) NOT NULL,
  `status` int(11) NOT NULL,
  `x` float NOT NULL,
  `y` float NOT NULL,
  `z` float NOT NULL,
  PRIMARY KEY (`id`)
) ENGINE=MyISAM  DEFAULT CHARSET=cp1251 AUTO_INCREMENT=11 ;

--
-- Дамп данных таблицы `viska`
--

INSERT INTO `viska` (`id`, `owner`, `fuel`, `money`, `status`, `x`, `y`, `z`) VALUES
(1, '', 633648, 28510, 1, 414.76, 1403.69, 8.5656),
(2, '', 636959, 28510, 1, 401.557, 1457.74, 8.1906),
(3, '', 0, 28510, 0, 429.299, 1558.93, 12.7844),
(4, '', 0, 28510, 0, 596.89, 1492.93, 9.0578),
(5, '', 0, 28510, 0, 623.96, 1347.13, 13.1828),
(6, '', 52105, 28510, 1, 559.195, 1302.02, 11.2688),
(7, '', 52158, 28510, 1, 487.01, 1300.46, 10.0656),
(8, '', 640502, 28510, 1, 349.578, 1294.58, 13.3625),
(9, '', 0, 28510, 0, 529.974, 1463.38, 5.6047),
(10, '', 0, 28510, 1, 573.93, 1418.65, 12.3313);

/*!40101 SET CHARACTER_SET_CLIENT=@OLD_CHARACTER_SET_CLIENT */;
/*!40101 SET CHARACTER_SET_RESULTS=@OLD_CHARACTER_SET_RESULTS */;
/*!40101 SET COLLATION_CONNECTION=@OLD_COLLATION_CONNECTION */;
